Workbook

Sheet Linhas Rápidas
A2: LINHA 10 - SHAMPOO E CONDICIONADOR (8 SH E 4 COND) | R2: LINHA 10 - SHAMPOO E CONDICIONADOR
A3: LINHA | B3: Nº ORDEM | C3: LOTE | D3: QTD (KG) | E3: PROGRAMADO | F3: REALIZADO | G3: CÓDIGO | H3: DESCRIÇÃO S.A. | I3: DATA CONGELADA | J3: DATA ATUALIZADA | K3: TB | L3: TC | M3: TA | N3: SAP | O3: STATUS | P3: FRASCOS | R3: CÓDIGO P.A. | S3: DESCRIÇÃO P.A. | T3: Nº ORDEM | U3: REALIZADO | V3: DATA SAP | W3: QTD (CXS) | X3: QTD (UND)
A4: 10 | B4: 1961282 | C4: T26D1443 | D4: 9500 | E4: =_xlfn.XLOOKUP(B4,COHVPI!A:A,COHVPI!E:E,0,0,1) -> 0 | F4: =_xlfn.XLOOKUP(B4,COHVPI!A:A,COHVPI!F:F) -> #N/A | G4: 466337 | H4: SA MONANGE QUIMICA SH T | I4: 46150 | J4: 46149 | N4: =_xlfn.XLOOKUP('Linhas Rápidas'!B4,COHVPI!A:A,COHVPI!I:I) -> #N/A | O4: - | P4: OK | R4: 24043-2 | S4: MONANGE SH REPARACAO POS QUI 12X325ML | T4: 1962552 | U4: =_xlfn.XLOOKUP(T4,COHVPI!A:A,COHVPI!F:F) -> 8260 | V4: =_xlfn.XLOOKUP(T4,COHVPI!A:A,COHVPI!I:I) -> 46150 | W4: =X4/12 -> 9600 | X4: 115200 | AD4: =VLOOKUP(B4,COHVPI!A:N,14,0) -> #N/A | AE4: =VLOOKUP(B4,COHVPI!A:E,5,0) -> #N/A | AF4: =AE4-D4 -> #N/A
A5: 10 | B5: 1961283 | C5: T26D1444 | D5: 9500 | E5: =_xlfn.XLOOKUP(B5,COHVPI!A:A,COHVPI!E:E,0,0,1) -> 0 | F5: =_xlfn.XLOOKUP(B5,COHVPI!A:A,COHVPI!F:F) -> #N/A | G5: 466337 | H5: SA MONANGE QUIMICA SH T | I5: 46150 | J5: 46149 | N5: =_xlfn.XLOOKUP('Linhas Rápidas'!B5,COHVPI!A:A,COHVPI!I:I) -> #N/A | O5: - | P5: OK | AD5: =VLOOKUP(B5,COHVPI!A:N,14,0) -> #N/A | AE5: =VLOOKUP(B5,COHVPI!A:E,5,0) -> #N/A | AF5: =AE5-D5 -> #N/A
A6: 10 | B6: 1961284 | C6: T26D1445 | D6: 9500 | E6: =_xlfn.XLOOKUP(B6,COHVPI!A:A,COHVPI!E:E,0,0,1) -> 0 | F6: =_xlfn.XLOOKUP(B6,COHVPI!A:A,COHVPI!F:F) -> #N/A | G6: 466337 | H6: SA MONANGE QUIMICA SH T | I6: 46150 | J6: 46150 | N6: =_xlfn.XLOOKUP('Linhas Rápidas'!B6,COHVPI!A:A,COHVPI!I:I) -> #N/A | O6: - | P6: OK | U6: =_xlfn.XLOOKUP(T6,COHVPI!A:A,COHVPI!F:F) -> #N/A | AD6: =VLOOKUP(B6,COHVPI!A:N,14,0) -> #N/A | AE6: =VLOOKUP(B6,COHVPI!A:E,5,0) -> #N/A | AF6: =AE6-D6 -> #N/A
A7: 10 | B7: 1961285 | C7: T26D1446 | D7: 9500 | E7: =_xlfn.XLOOKUP(B7,COHVPI!A:A,COHVPI!E:E,0,0,1) -> 0 | F7: =_xlfn.XLOOKUP(B7,COHVPI!A:A,COHVPI!F:F) -> #N/A | G7: 466337 | H7: SA MONANGE QUIMICA SH T | I7: 46150 | J7: 46150 | N7: =_xlfn.XLOOKUP('Linhas Rápidas'!B7,COHVPI!A:A,COHVPI!I:I) -> #N/A | O7: - | P7: OK | AD7: =VLOOKUP(B7,COHVPI!A:N,14,0) -> #N/A | AE7: =VLOOKUP(B7,COHVPI!A:E,5,0) -> #N/A | AF7: =AE7-D7 -> #N/A
A8: 10 | B8: 1961358 | C8: T26D1519 | D8: 9500 | E8: =_xlfn.XLOOKUP(B8,COHVPI!A:A,COHVPI!E:E,0,0,1) -> 0 | F8: =_xlfn.XLOOKUP(B8,COHVPI!A:A,COHVPI!F:F) -> #N/A | G8: 466343 | H8: SA MONANGE CACHOS SH T | I8: 46151 | J8: 46151 | N8: =_xlfn.XLOOKUP('Linhas Rápidas'!B8,COHVPI!A:A,COHVPI!I:I) -> #N/A | O8: - | P8: OK | R8: 24042-2 | S8: MONANGE SH CACHOS DEFINIDOS 12X325ML | T8: 1961386 | U8: =_xlfn.XLOOKUP(T8,COHVPI!A:A,COHVPI!F:F) -> 0 | V8: =_xlfn.XLOOKUP(T8,COHVPI!A:A,COHVPI!I:I) -> 46151 | W8: =X8/12 -> 9600 | X8: =28800*4 -> 115200 | AD8: =VLOOKUP(B8,COHVPI!A:N,14,0) -> #N/A | AE8: =VLOOKUP(B8,COHVPI!A:E,5,0) -> #N/A | AF8: =AE8-D8 -> #N/A
A9: 10 | B9: 1961359 | C9: T26D1520 | D9: 9500 | E9: =_xlfn.XLOOKUP(B9,COHVPI!A:A,COHVPI!E:E,0,0,1) -> 0 | F9: =_xlfn.XLOOKUP(B9,COHVPI!A:A,COHVPI!F:F) -> #N/A | G9: 466343 | H9: SA MONANGE CACHOS SH T | I9: 46151 | J9: 46151 | N9: =_xlfn.XLOOKUP('Linhas Rápidas'!B9,COHVPI!A:A,COHVPI!I:I) -> #N/A | O9: - | P9: OK | AD9: =VLOOKUP(B9,COHVPI!A:N,14,0) -> #N/A | AE9: =VLOOKUP(B9,COHVPI!A:E,5,0) -> #N/A | AF9: =AE9-D9 -> #N/A
A10: 10 | B10: 1961360 | C10: T26D1521 | D10: 9500 | E10: =_xlfn.XLOOKUP(B10,COHVPI!A:A,COHVPI!E:E,0,0,1) -> 0 | F10: =_xlfn.XLOOKUP(B10,COHVPI!A:A,COHVPI!F:F) -> #N/A | G10: 466343 | H10: SA MONANGE CACHOS SH T | I10: 46151 | J10: 46151 | N10: =_xlfn.XLOOKUP('Linhas Rápidas'!B10,COHVPI!A:A,COHVPI!I:I) -> #N/A | O10: - | P10: OK | U10: =_xlfn.XLOOKUP(T10,COHVPI!A:A,COHVPI!F:F) -> #N/A | AD10: =VLOOKUP(B10,COHVPI!A:N,14,0) -> #N/A | AE10: =VLOOKUP(B10,COHVPI!A:E,5,0) -> #N/A | AF10: =AE10-D10 -> #N/A
A11: 10 | B11: 1961361 | C11: T26D1522 | D11: 9500 | E11: =_xlfn.XLOOKUP(B11,COHVPI!A:A,COHVPI!E:E,0,0,1) -> 0 | F11: =_xlfn.XLOOKUP(B11,COHVPI!A:A,COHVPI!F:F) -> #N/A | G11: 466343 | H11: SA MONANGE CACHOS SH T | I11: 46153 | J11: 46151 | N11: =_xlfn.XLOOKUP('Linhas Rápidas'!B11,COHVPI!A:A,COHVPI!I:I) -> #N/A | O11: - | P11: OK | AD11: =VLOOKUP(B11,COHVPI!A:N,14,0) -> #N/A | AE11: =VLOOKUP(B11,COHVPI!A:E,5,0) -> #N/A | AF11: =AE11-D11 -> #N/A
A12: 10 | B12: 1961362 | C12: T26D1523 | D12: 9500 | E12: =_xlfn.XLOOKUP(B12,COHVPI!A:A,COHVPI!E:E,0,0,1) -> 0 | F12: =_xlfn.XLOOKUP(B12,COHVPI!A:A,COHVPI!F:F) -> #N/A | G12: 466343 | H12: SA MONANGE CACHOS SH T | I12: 46153 | J12: 46151 | N12: =_xlfn.XLOOKUP('Linhas Rápidas'!B12,COHVPI!A:A,COHVPI!I:I) -> #N/A | O12: - | P12: OK | R12: 24042-2 | S12: MONANGE SH CACHOS DEFINIDOS 12X325ML | T12: 1961387 | U12: =_xlfn.XLOOKUP(T12,COHVPI!A:A,COHVPI!F:F) -> 0 | V12: =_xlfn.XLOOKUP(T12,COHVPI!A:A,COHVPI!I:I) -> 46153 | W12: =X12/12 -> 9600 | X12: 115200 | AD12: =VLOOKUP(B12,COHVPI!A:N,14,0) -> #N/A | AE12: =VLOOKUP(B12,COHVPI!A:E,5,0) -> #N/A | AF12: =AE12-D12 -> #N/A
A13: 10 | B13: 1961363 | C13: T26D1524 | D13: 9500 | E13: =_xlfn.XLOOKUP(B13,COHVPI!A:A,COHVPI!E:E,0,0,1) -> 0 | F13: =_xlfn.XLOOKUP(B13,COHVPI!A:A,COHVPI!F:F) -> #N/A | G13: 466343 | H13: SA MONANGE CACHOS SH T | I13: 46153 | J13: 46153 | N13: =_xlfn.XLOOKUP('Linhas Rápidas'!B13,COHVPI!A:A,COHVPI!I:I) -> #N/A | O13: - | P13: OK | AD13: =VLOOKUP(B13,COHVPI!A:N,14,0) -> #N/A | AE13: =VLOOKUP(B13,COHVPI!A:E,5,0) -> #N/A | AF13: =AE13-D13 -> #N/A
A14: 10 | B14: 1961364 | C14: T26D1525 | D14: 9500 | E14: =_xlfn.XLOOKUP(B14,COHVPI!A:A,COHVPI!E:E,0,0,1) -> 0 | F14: =_xlfn.XLOOKUP(B14,COHVPI!A:A,COHVPI!F:F) -> #N/A | G14: 466343 | H14: SA MONANGE CACHOS SH T | I14: 46154 | J14: 46153 | N14: =_xlfn.XLOOKUP('Linhas Rápidas'!B14,COHVPI!A:A,COHVPI!I:I) -> #N/A | O14: - | P14: OK | U14: =_xlfn.XLOOKUP(T14,COHVPI!A:A,COHVPI!F:F) -> #N/A | AD14: =VLOOKUP(B14,COHVPI!A:N,14,0) -> #N/A | AE14: =VLOOKUP(B14,COHVPI!A:E,5,0) -> #N/A | AF14: =AE14-D14 -> #N/A
A15: 10 | B15: 1961365 | C15: T26D1526 | D15: 9500 | E15: =_xlfn.XLOOKUP(B15,COHVPI!A:A,COHVPI!E:E,0,0,1) -> 0 | F15: =_xlfn.XLOOKUP(B15,COHVPI!A:A,COHVPI!F:F) -> #N/A | G15: 466343 | H15: SA MONANGE CACHOS SH T | I15: 46154 | J15: 46153 | N15: =_xlfn.XLOOKUP('Linhas Rápidas'!B15,COHVPI!A:A,COHVPI!I:I) -> #N/A | O15: - | P15: OK | AD15: =VLOOKUP(B15,COHVPI!A:N,14,0) -> #N/A | AE15: =VLOOKUP(B15,COHVPI!A:E,5,0) -> #N/A | AF15: =AE15-D15 -> #N/A
H16: LIMPEZA PARA COND MONANGE 325ML - 1 TURNO | R16: LIMPEZA PARA COND MONANGE 325ML - 1 TURNO | AD16: =VLOOKUP(B16,COHVPI!A:N,14,0) -> #N/A | AE16: =VLOOKUP(B16,COHVPI!A:E,5,0) -> #N/A | AF16: =AE16-D16 -> #N/A
A17: 10 | B17: 1961622 | C17: T26D1679 | D17: 9500 | E17: =_xlfn.XLOOKUP(A17,COHVPI!#REF!,COHVPI!E:E) -> #REF! | F17: =_xlfn.XLOOKUP(B17,COHVPI!A:A,COHVPI!F:F) -> #N/A | G17: 470365 | H17: SA MONANGE COND ACD HIALU | I17: 46153 | J17: 46153 | N17: =_xlfn.XLOOKUP('Linhas Rápidas'!B17,COHVPI!A:A,COHVPI!I:I) -> #N/A | O17: - | P17: OK | R17: 24051-3 | S17: MONANGE COND ACD HIALU 12X325ML | T17: 1961393 | U17: =_xlfn.XLOOKUP(T17,COHVPI!A:A,COHVPI!F:F) -> 0 | V17: =_xlfn.XLOOKUP(T17,COHVPI!A:A,COHVPI!I:I) -> 46158 | W17: =X17/12 -> 9940 | X17: =29820*4 -> 119280 | AD17: =VLOOKUP(B17,COHVPI!A:N,14,0) -> #N/A | AE17: =VLOOKUP(B17,COHVPI!A:E,5,0) -> #N/A | AF17: =AE17-D17 -> #N/A
A18: 10 | B18: 1961623 | C18: T26D1680 | D18: 9500 | E18: =_xlfn.XLOOKUP(A18,COHVPI!#REF!,COHVPI!E:E) -> #REF! | F18: =_xlfn.XLOOKUP(B18,COHVPI!A:A,COHVPI!F:F) -> #N/A | G18: 470365 | H18: SA MONANGE COND ACD HIALU | I18: 46153 | J18: 46153 | N18: =_xlfn.XLOOKUP('Linhas Rápidas'!B18,COHVPI!A:A,COHVPI!I:I) -> #N/A | O18: - | P18: OK | AD18: =VLOOKUP(B18,COHVPI!A:N,14,0) -> #N/A | AE18: =VLOOKUP(B18,COHVPI!A:E,5,0) -> #N/A | AF18: =AE18-D18 -> #N/A
A19: 10 | B19: 1961624 | C19: T26D1681 | D19: 9500 | E19: =_xlfn.XLOOKUP(A19,COHVPI!#REF!,COHVPI!E:E) -> #REF! | F19: =_xlfn.XLOOKUP(B19,COHVPI!A:A,COHVPI!F:F) -> #N/A | G19: 470365 | H19: SA MONANGE COND ACD HIALU | I19: 46153 | J19: 46153 | N19: =_xlfn.XLOOKUP('Linhas Rápidas'!B19,COHVPI!A:A,COHVPI!I:I) -> #N/A | O19: - | P19: OK | U19: =_xlfn.XLOOKUP(T19,COHVPI!A:A,COHVPI!F:F) -> 0 | AD19: =VLOOKUP(B19,COHVPI!A:N,14,0) -> #N/A | AE19: =VLOOKUP(B19,COHVPI!A:E,5,0) -> #N/A | AF19: =AE19-D19 -> #N/A
A20: 10 | B20: 1961625 | C20: T26D1682 | D20: 9500 | E20: =_xlfn.XLOOKUP(A20,COHVPI!#REF!,COHVPI!E:E) -> #REF! | F20: =_xlfn.XLOOKUP(B20,COHVPI!A:A,COHVPI!F:F) -> #N/A | G20: 470365 | H20: SA MONANGE COND ACD HIALU | I20: 46154 | J20: 46154 | N20: =_xlfn.XLOOKUP('Linhas Rápidas'!B20,COHVPI!A:A,COHVPI!I:I) -> #N/A | O20: - | P20: OK | AD20: =VLOOKUP(B20,COHVPI!A:N,14,0) -> #N/A | AE20: =VLOOKUP(B20,COHVPI!A:E,5,0) -> #N/A | AF20: =AE20-D20 -> #N/A
A21: 10 | B21: 1961286 | C21: T26D1447 | D21: 9500 | E21: =_xlfn.XLOOKUP(A21,COHVPI!#REF!,COHVPI!E:E) -> #REF! | F21: =_xlfn.XLOOKUP(B21,COHVPI!A:A,COHVPI!F:F) -> #N/A | G21: 466338 | H21: SA MONANGE QUIMICA CD T | I21: 46154 | J21: 46154 | N21: =_xlfn.XLOOKUP('Linhas Rápidas'!B21,COHVPI!A:A,COHVPI!I:I) -> #N/A | O21: PHASE OUT | P21: OK | R21: 24050-2 | S21: MONANGE COND REPARACAO POS Q 12X325ML | T21: 1961388 | U21: =_xlfn.XLOOKUP(T21,COHVPI!A:A,COHVPI!F:F) -> 0 | V21: =_xlfn.XLOOKUP(T21,COHVPI!A:A,COHVPI!I:I) -> 46154 | W21: =X21/12 -> 12425 | X21: =29820*5 -> 149100 | AD21: =VLOOKUP(B21,COHVPI!A:N,14,0) -> #N/A | AE21: =VLOOKUP(B21,COHVPI!A:E,5,0) -> #N/A | AF21: =AE21-D21 -> #N/A
A22: 10 | B22: 1961287 | C22: T26D1448 | D22: 9500 | E22: =_xlfn.XLOOKUP(A22,COHVPI!#REF!,COHVPI!E:E) -> #REF! | F22: =_xlfn.XLOOKUP(B22,COHVPI!A:A,COHVPI!F:F) -> #N/A | G22: 466338 | H22: SA MONANGE QUIMICA CD T | I22: 46154 | J22: 46154 | N22: =_xlfn.XLOOKUP('Linhas Rápidas'!B22,COHVPI!A:A,COHVPI!I:I) -> #N/A | O22: PHASE OUT | P22: TERMINA ATÉ DIA 09/05 | AD22: =VLOOKUP(B22,COHVPI!A:N,14,0) -> #N/A | AE22: =VLOOKUP(B22,COHVPI!A:E,5,0) -> #N/A | AF22: =AE22-D22 -> #N/A
A23: 10 | B23: 1961288 | C23: T26D1449 | D23: 9500 | G23: 466338 | H23: SA MONANGE QUIMICA CD T | I23: 46154 | J23: 46154 | O23: NA PORTA AG. RÓTULO 466466 | P23: TERMINA ATÉ DIA 09/05
A24: 10 | B24: 1961289 | C24: T26D1450 | D24: 9500 | E24: =_xlfn.XLOOKUP(A24,COHVPI!#REF!,COHVPI!E:E) -> #REF! | F24: =_xlfn.XLOOKUP(B24,COHVPI!A:A,COHVPI!F:F) -> #N/A | G24: 466338 | H24: SA MONANGE QUIMICA CD T | I24: 46155 | J24: 46154 | N24: =_xlfn.XLOOKUP('Linhas Rápidas'!B24,COHVPI!A:A,COHVPI!I:I) -> #N/A | O24: NA PORTA AG. RÓTULO 466466 | P24: TERMINA ATÉ DIA 09/05 | U24: =_xlfn.XLOOKUP(T24,COHVPI!A:A,COHVPI!F:F) -> #N/A | AD24: =VLOOKUP(B24,COHVPI!A:N,14,0) -> #N/A | AE24: =VLOOKUP(B24,COHVPI!A:E,5,0) -> #N/A | AF24: =AE24-D24 -> #N/A
A25: 10 | B25: 1961290 | C25: T26D1451 | D25: 9500 | E25: =_xlfn.XLOOKUP(A25,COHVPI!#REF!,COHVPI!E:E) -> #REF! | F25: =_xlfn.XLOOKUP(B25,COHVPI!A:A,COHVPI!F:F) -> #N/A | G25: 466338 | H25: SA MONANGE QUIMICA CD T | I25: 46155 | J25: 46154 | N25: =_xlfn.XLOOKUP('Linhas Rápidas'!B25,COHVPI!A:A,COHVPI!I:I) -> #N/A | O25: NA PORTA AG. RÓTULO 466466 | P25: TERMINA ATÉ DIA 09/05 | AD25: =VLOOKUP(B25,COHVPI!A:N,14,0) -> #N/A | AE25: =VLOOKUP(B25,COHVPI!A:E,5,0) -> #N/A | AF25: =AE25-D25 -> #N/A
A26: 10 | B26: 1961338 | C26: T26D1499 | D26: 9500 | E26: =_xlfn.XLOOKUP(A26,COHVPI!#REF!,COHVPI!E:E) -> #REF! | F26: =_xlfn.XLOOKUP(B26,COHVPI!A:A,COHVPI!F:F) -> #N/A | G26: 466334 | H26: SA MONANGE LISOS CD T | I26: 46155 | J26: 46155 | N26: =_xlfn.XLOOKUP('Linhas Rápidas'!B26,COHVPI!A:A,COHVPI!I:I) -> #N/A | O26: - | P26: OK | R26: 24048-2 | S26: MONANGE COND LISOS BRILHANTES 12X325ML | T26: 1961389 | U26: =_xlfn.XLOOKUP(T26,COHVPI!A:A,COHVPI!F:F) -> 0 | V26: =_xlfn.XLOOKUP(T26,COHVPI!A:A,COHVPI!I:I) -> 46155 | W26: =X26/12 -> 9940 | X26: =29820*4 -> 119280 | AD26: =VLOOKUP(B26,COHVPI!A:N,14,0) -> #N/A | AE26: =VLOOKUP(B26,COHVPI!A:E,5,0) -> #N/A | AF26: =AE26-D26 -> #N/A
A27: 10 | B27: 1961339 | C27: T26D1500 | D27: 9500 | E27: =_xlfn.XLOOKUP(A27,COHVPI!#REF!,COHVPI!E:E) -> #REF! | F27: =_xlfn.XLOOKUP(B27,COHVPI!A:A,COHVPI!F:F) -> #N/A | G27: 466334 | H27: SA MONANGE LISOS CD T | I27: 46155 | J27: 46155 | N27: =_xlfn.XLOOKUP('Linhas Rápidas'!B27,COHVPI!A:A,COHVPI!I:I) -> #N/A | O27: AG. RÓTULO 470896 | P27: OK | AD27: =VLOOKUP(B27,COHVPI!A:N,14,0) -> #N/A | AE27: =VLOOKUP(B27,COHVPI!A:E,5,0) -> #N/A | AF27: =AE27-D27 -> #N/A
A28: 10 | B28: 1961340 | C28: T26D1501 | D28: 9500 | E28: =_xlfn.XLOOKUP(A28,COHVPI!#REF!,COHVPI!E:E) -> #REF! | F28: =_xlfn.XLOOKUP(B28,COHVPI!A:A,COHVPI!F:F) -> #N/A | G28: 466334 | H28: SA MONANGE LISOS CD T | I28: 46155 | J28: 46155 | N28: =_xlfn.XLOOKUP('Linhas Rápidas'!B28,COHVPI!A:A,COHVPI!I:I) -> #N/A | O28: AG. RÓTULO 470896 | P28: OK | U28: =_xlfn.XLOOKUP(T28,COHVPI!A:A,COHVPI!F:F) -> #N/A | AD28: =VLOOKUP(B28,COHVPI!A:N,14,0) -> #N/A | AE28: =VLOOKUP(B28,COHVPI!A:E,5,0) -> #N/A | AF28: =AE28-D28 -> #N/A
A29: 10 | B29: 1961341 | C29: T26D1502 | D29: 9500 | E29: =_xlfn.XLOOKUP(A29,COHVPI!#REF!,COHVPI!E:E) -> #REF! | F29: =_xlfn.XLOOKUP(B29,COHVPI!A:A,COHVPI!F:F) -> #N/A | G29: 466334 | H29: SA MONANGE LISOS CD T | I29: 46156 | J29: 46155 | N29: =_xlfn.XLOOKUP('Linhas Rápidas'!B29,COHVPI!A:A,COHVPI!I:I) -> #N/A | O29: AG. RÓTULO 470896 | P29: OK | AD29: =VLOOKUP(B29,COHVPI!A:N,14,0) -> #N/A | AE29: =VLOOKUP(B29,COHVPI!A:E,5,0) -> #N/A | AF29: =AE29-D29 -> #N/A
A30: 10 | B30: 1961342 | C30: T26D1503 | D30: 9500 | E30: =_xlfn.XLOOKUP(A30,COHVPI!#REF!,COHVPI!E:E) -> #REF! | F30: =_xlfn.XLOOKUP(B30,COHVPI!A:A,COHVPI!F:F) -> #N/A | G30: 466334 | H30: SA MONANGE LISOS CD T | I30: 46156 | J30: 46155 | N30: =_xlfn.XLOOKUP('Linhas Rápidas'!B30,COHVPI!A:A,COHVPI!I:I) -> #N/A | O30: AG. RÓTULO 470896 | P30: OK | R30: 24048-2 | S30: MONANGE COND LISOS BRILHANTES 12X325ML | T30: 1961390 | U30: =_xlfn.XLOOKUP(T30,COHVPI!A:A,COHVPI!F:F) -> 0 | V30: =_xlfn.XLOOKUP(T30,COHVPI!A:A,COHVPI!I:I) -> 46156 | W30: =X30/12 -> 9940 | X30: =29820*4 -> 119280 | AD30: =VLOOKUP(B30,COHVPI!A:N,14,0) -> #N/A | AE30: =VLOOKUP(B30,COHVPI!A:E,5,0) -> #N/A | AF30: =AE30-D30 -> #N/A
A31: 10 | D31: 9500 | E31: =_xlfn.XLOOKUP(A31,COHVPI!#REF!,COHVPI!E:E) -> #REF! | F31: =_xlfn.XLOOKUP(B31,COHVPI!A:A,COHVPI!F:F) -> #N/A | G31: 466334 | H31: SA MONANGE LISOS CD T | I31: 46156 | J31: 46156 | N31: =_xlfn.XLOOKUP('Linhas Rápidas'!B31,COHVPI!A:A,COHVPI!I:I) -> #N/A | O31: AG. RÓTULO 470896 E RÓTULO 466464 | P31: OK | Z31: 1961343 | AA31: T26D1504 | AD31: =VLOOKUP(B31,COHVPI!A:N,14,0) -> #N/A | AE31: =VLOOKUP(B31,COHVPI!A:E,5,0) -> #N/A | AF31: =AE31-D31 -> #N/A
A32: 10 | D32: 9500 | E32: =_xlfn.XLOOKUP(A32,COHVPI!#REF!,COHVPI!E:E) -> #REF! | F32: =_xlfn.XLOOKUP(B32,COHVPI!A:A,COHVPI!F:F) -> #N/A | G32: 466334 | H32: SA MONANGE LISOS CD T | I32: 46156 | J32: 46156 | N32: =_xlfn.XLOOKUP('Linhas Rápidas'!B32,COHVPI!A:A,COHVPI!I:I) -> #N/A | O32: AG. RÓTULO 470896 E RÓTULO 466464 | P32: OK | U32: =_xlfn.XLOOKUP(T32,COHVPI!A:A,COHVPI!F:F) -> #N/A | Z32: 1961344 | AA32: T26D1505 | AD32: =VLOOKUP(B32,COHVPI!A:N,14,0) -> #N/A | AE32: =VLOOKUP(B32,COHVPI!A:E,5,0) -> #N/A | AF32: =AE32-D32 -> #N/A
A33: 10 | D33: 9500 | E33: =_xlfn.XLOOKUP(A33,COHVPI!#REF!,COHVPI!E:E) -> #REF! | F33: =_xlfn.XLOOKUP(B33,COHVPI!A:A,COHVPI!F:F) -> #N/A | G33: 466334 | H33: SA MONANGE LISOS CD T | I33: 46156 | J33: 46156 | N33: =_xlfn.XLOOKUP('Linhas Rápidas'!B33,COHVPI!A:A,COHVPI!I:I) -> #N/A | O33: AG. RÓTULO 470896 E RÓTULO 466464 | P33: OK | Z33: 1961345 | AA33: T26D1506 | AD33: =VLOOKUP(B33,COHVPI!A:N,14,0) -> #N/A | AE33: =VLOOKUP(B33,COHVPI!A:E,5,0) -> #N/A | AF33: =AE33-D33 -> #N/A
A34: 10 | B34: 1961330 | C34: T26D1491 | D34: 9500 | E34: =_xlfn.XLOOKUP(A34,COHVPI!#REF!,COHVPI!E:E) -> #REF! | F34: =_xlfn.XLOOKUP(B34,COHVPI!A:A,COHVPI!F:F) -> #N/A | G34: 466332 | H34: SA MONANGE HIDRATA CD T | I34: 46156 | J34: 46156 | N34: =_xlfn.XLOOKUP('Linhas Rápidas'!B34,COHVPI!A:A,COHVPI!I:I) -> #N/A | O34: - | P34: TERMINA DIA 09/05 | R34: 24047-2 | S34: MONANGE COND HIDRATACAO INT 12X325ML | T34: 1961391 | U34: =_xlfn.XLOOKUP(T34,COHVPI!A:A,COHVPI!F:F) -> 0 | V34: =_xlfn.XLOOKUP(T34,COHVPI!A:A,COHVPI!I:I) -> 46157 | W34: =X34/12 -> 9940 | X34: =29820*4 -> 119280 | AD34: =VLOOKUP(B34,COHVPI!A:N,14,0) -> #N/A | AE34: =VLOOKUP(B34,COHVPI!A:E,5,0) -> #N/A | AF34: =AE34-D34 -> #N/A
A35: 10 | B35: 1961331 | C35: T26D1492 | D35: 9500 | E35: =_xlfn.XLOOKUP(A35,COHVPI!#REF!,COHVPI!E:E) -> #REF! | F35: =_xlfn.XLOOKUP(B35,COHVPI!A:A,COHVPI!F:F) -> #N/A | G35: 466332 | H35: SA MONANGE HIDRATA CD T | I35: 46156 | J35: 46156 | N35: =_xlfn.XLOOKUP('Linhas Rápidas'!B35,COHVPI!A:A,COHVPI!I:I) -> #N/A | O35: - | P35: TERMINA DIA 09/05 | AD35: =VLOOKUP(B35,COHVPI!A:N,14,0) -> #N/A | AE35: =VLOOKUP(B35,COHVPI!A:E,5,0) -> #N/A | AF35: =AE35-D35 -> #N/A
A36: 10 | B36: 1961332 | C36: T26D1493 | D36: 9500 | E36: =_xlfn.XLOOKUP(A36,COHVPI!#REF!,COHVPI!E:E) -> #REF! | F36: =_xlfn.XLOOKUP(B36,COHVPI!A:A,COHVPI!F:F) -> #N/A | G36: 466332 | H36: SA MONANGE HIDRATA CD T | I36: 46156 | J36: 46156 | N36: =_xlfn.XLOOKUP('Linhas Rápidas'!B36,COHVPI!A:A,COHVPI!I:I) -> #N/A | O36: - | P36: TERMINA DIA 09/05 | U36: =_xlfn.XLOOKUP(T36,COHVPI!A:A,COHVPI!F:F) -> #N/A | AD36: =VLOOKUP(B36,COHVPI!A:N,14,0) -> #N/A | AE36: =VLOOKUP(B36,COHVPI!A:E,5,0) -> #N/A | AF36: =AE36-D36 -> #N/A
A37: 10 | B37: 1961333 | C37: T26D1494 | D37: 9500 | E37: =_xlfn.XLOOKUP(A37,COHVPI!#REF!,COHVPI!E:E) -> #REF! | F37: =_xlfn.XLOOKUP(B37,COHVPI!A:A,COHVPI!F:F) -> #N/A | G37: 466332 | H37: SA MONANGE HIDRATA CD T | I37: 46157 | J37: 46157 | N37: =_xlfn.XLOOKUP('Linhas Rápidas'!B37,COHVPI!A:A,COHVPI!I:I) -> #N/A | O37: - | P37: TERMINA DIA 09/05 | AD37: =VLOOKUP(B37,COHVPI!A:N,14,0) -> #N/A | AE37: =VLOOKUP(B37,COHVPI!A:E,5,0) -> #N/A | AF37: =AE37-D37 -> #N/A
A38: 10 | B38: 1961334 | C38: T26D1495 | D38: 9500 | E38: =_xlfn.XLOOKUP(A38,COHVPI!#REF!,COHVPI!E:E) -> #REF! | F38: =_xlfn.XLOOKUP(B38,COHVPI!A:A,COHVPI!F:F) -> #N/A | G38: 466332 | H38: SA MONANGE HIDRATA CD T | I38: 46157 | J38: 46157 | N38: =_xlfn.XLOOKUP('Linhas Rápidas'!B38,COHVPI!A:A,COHVPI!I:I) -> #N/A | O38: - | P38: TERMINA DIA 12/05 | R38: 24047-2 | S38: MONANGE COND HIDRATACAO INT 12X325ML | T38: 1961392 | U38: =_xlfn.XLOOKUP(T38,COHVPI!A:A,COHVPI!F:F) -> 0 | V38: =_xlfn.XLOOKUP(T38,COHVPI!A:A,COHVPI!I:I) -> 46157 | W38: =X38/12 -> 9940 | X38: =29820*4 -> 119280 | AD38: =VLOOKUP(B38,COHVPI!A:N,14,0) -> #N/A | AE38: =VLOOKUP(B38,COHVPI!A:E,5,0) -> #N/A | AF38: =AE38-D38 -> #N/A
A39: 10 | D39: 9500 | E39: =_xlfn.XLOOKUP(A39,COHVPI!#REF!,COHVPI!E:E) -> #REF! | F39: =_xlfn.XLOOKUP(B39,COHVPI!A:A,COHVPI!F:F) -> #N/A | G39: 466332 | H39: SA MONANGE HIDRATA CD T | I39: 46157 | J39: 46157 | N39: =_xlfn.XLOOKUP('Linhas Rápidas'!B39,COHVPI!A:A,COHVPI!I:I) -> #N/A | O39: NA PORTA AG. RÓTULO 466477/466463 | P39: TERMINA DIA 12/05 | Z39: 1961335 | AA39: T26D1496 | AD39: =VLOOKUP(B39,COHVPI!A:N,14,0) -> #N/A | AE39: =VLOOKUP(B39,COHVPI!A:E,5,0) -> #N/A | AF39: =AE39-D39 -> #N/A
A40: 10 | D40: 9500 | E40: =_xlfn.XLOOKUP(A40,COHVPI!#REF!,COHVPI!E:E) -> #REF! | F40: =_xlfn.XLOOKUP(B40,COHVPI!A:A,COHVPI!F:F) -> #N/A | G40: 466332 | H40: SA MONANGE HIDRATA CD T | I40: 46157 | J40: 46157 | N40: =_xlfn.XLOOKUP('Linhas Rápidas'!B40,COHVPI!A:A,COHVPI!I:I) -> #N/A | O40: NA PORTA AG. RÓTULO 466477/466463 | P40: TERMINA DIA 12/05 | U40: =_xlfn.XLOOKUP(T40,COHVPI!A:A,COHVPI!F:F) -> #N/A | Z40: 1961336 | AA40: T26D1497 | AD40: =VLOOKUP(B40,COHVPI!A:N,14,0) -> #N/A | AE40: =VLOOKUP(B40,COHVPI!A:E,5,0) -> #N/A | AF40: =AE40-D40 -> #N/A
A41: 10 | D41: 9500 | E41: =_xlfn.XLOOKUP(A41,COHVPI!#REF!,COHVPI!E:E) -> #REF! | F41: =_xlfn.XLOOKUP(B41,COHVPI!A:A,COHVPI!F:F) -> #N/A | G41: 466332 | H41: SA MONANGE HIDRATA CD T | I41: 46157 | J41: 46157 | N41: =_xlfn.XLOOKUP('Linhas Rápidas'!B41,COHVPI!A:A,COHVPI!I:I) -> #N/A | O41: NA PORTA AG. RÓTULO 466477/466463 | P41: TERMINA DIA 12/05 | Z41: 1961337 | AA41: T26D1498 | AD41: =VLOOKUP(B41,COHVPI!A:N,14,0) -> #N/A | AE41: =VLOOKUP(B41,COHVPI!A:E,5,0) -> #N/A | AF41: =AE41-D41 -> #N/A
A42: 10 | B42: 1961565 | C42: T26D1622 | D42: 9500 | E42: =_xlfn.XLOOKUP(A42,COHVPI!#REF!,COHVPI!E:E) -> #REF! | F42: =_xlfn.XLOOKUP(B42,COHVPI!A:A,COHVPI!F:F) -> #N/A | G42: 466342 | H42: SA MONANGE BOOST CD T | I42: 46158 | J42: 46158 | N42: =_xlfn.XLOOKUP('Linhas Rápidas'!B42,COHVPI!A:A,COHVPI!I:I) -> #N/A | O42: - | P42: TERMINA DIA 13/05 | R42: 24052-2 | S42: MONANGE COND BOOST DE CRESC 12X325ML | T42: 1961394 | U42: =_xlfn.XLOOKUP(T42,COHVPI!A:A,COHVPI!F:F) -> 0 | V42: =_xlfn.XLOOKUP(T42,COHVPI!A:A,COHVPI!I:I) -> 46160 | W42: =X42/12 -> 9940 | X42: =29820*4 -> 119280 | AD42: =VLOOKUP(B42,COHVPI!A:N,14,0) -> #N/A | AE42: =VLOOKUP(B42,COHVPI!A:E,5,0) -> #N/A | AF42: =AE42-D42 -> #N/A
A43: 10 | B43: 1961566 | C43: T26D1623 | D43: 9500 | E43: =_xlfn.XLOOKUP(A43,COHVPI!#REF!,COHVPI!E:E) -> #REF! | F43: =_xlfn.XLOOKUP(B43,COHVPI!A:A,COHVPI!F:F) -> #N/A | G43: 466342 | H43: SA MONANGE BOOST CD T | I43: 46158 | J43: 46158 | N43: =_xlfn.XLOOKUP('Linhas Rápidas'!B43,COHVPI!A:A,COHVPI!I:I) -> #N/A | O43: - | P43: TERMINA DIA 13/05 | AD43: =VLOOKUP(B43,COHVPI!A:N,14,0) -> #N/A | AE43: =VLOOKUP(B43,COHVPI!A:E,5,0) -> #N/A | AF43: =AE43-D43 -> #N/A
A44: 10 | B44: 1961567 | C44: T26D1624 | D44: 9500 | E44: =_xlfn.XLOOKUP(A44,COHVPI!#REF!,COHVPI!E:E) -> #REF! | F44: =_xlfn.XLOOKUP(B44,COHVPI!A:A,COHVPI!F:F) -> #N/A | G44: 466342 | H44: SA MONANGE BOOST CD T | I44: 46158 | J44: 46158 | N44: =_xlfn.XLOOKUP('Linhas Rápidas'!B44,COHVPI!A:A,COHVPI!I:I) -> #N/A | O44: - | P44: TERMINA DIA 13/05 | U44: =_xlfn.XLOOKUP(T44,COHVPI!A:A,COHVPI!F:F) -> #N/A | AD44: =VLOOKUP(B44,COHVPI!A:N,14,0) -> #N/A | AE44: =VLOOKUP(B44,COHVPI!A:E,5,0) -> #N/A | AF44: =AE44-D44 -> #N/A
A45: 10 | B45: 1961568 | C45: T26D1625 | D45: 9500 | E45: =_xlfn.XLOOKUP(A45,COHVPI!#REF!,COHVPI!E:E) -> #REF! | F45: =_xlfn.XLOOKUP(B45,COHVPI!A:A,COHVPI!F:F) -> #N/A | G45: 466342 | H45: SA MONANGE BOOST CD T | I45: 46158 | J45: 46158 | N45: =_xlfn.XLOOKUP('Linhas Rápidas'!B45,COHVPI!A:A,COHVPI!I:I) -> #N/A | O45: - | P45: TERMINA DIA 13/05 | AD45: =VLOOKUP(B45,COHVPI!A:N,14,0) -> #N/A | AE45: =VLOOKUP(B45,COHVPI!A:E,5,0) -> #N/A | AF45: =AE45-D45 -> #N/A
A46: 10 | B46: 1961346 | C46: T26D1507 | D46: 9500 | E46: =_xlfn.XLOOKUP(A46,COHVPI!#REF!,COHVPI!E:E) -> #REF! | F46: =_xlfn.XLOOKUP(B46,COHVPI!A:A,COHVPI!F:F) -> #N/A | G46: 466344 | H46: SA MONANGE CACHOS CD T | I46: 46158 | J46: 46158 | N46: =_xlfn.XLOOKUP('Linhas Rápidas'!B46,COHVPI!A:A,COHVPI!I:I) -> #N/A | O46: - | P46: TERMINA DIA 11/05 | R46: 24049-2 | S46: MONANGE COND CACHOS DEFINIDOS 12X325ML | T46: 1961395 | U46: =_xlfn.XLOOKUP(T46,COHVPI!A:A,COHVPI!F:F) -> 0 | V46: =_xlfn.XLOOKUP(T46,COHVPI!A:A,COHVPI!I:I) -> 46161 | W46: =X46/12 -> 9940 | X46: =29820*4 -> 119280 | AD46: =VLOOKUP(B46,COHVPI!A:N,14,0) -> #N/A | AE46: =VLOOKUP(B46,COHVPI!A:E,5,0) -> #N/A | AF46: =AE46-D46 -> #N/A
A47: 10 | B47: 1961347 | C47: T26D1508 | D47: 9500 | E47: =_xlfn.XLOOKUP(A47,COHVPI!#REF!,COHVPI!E:E) -> #REF! | F47: =_xlfn.XLOOKUP(B47,COHVPI!A:A,COHVPI!F:F) -> #N/A | G47: 466344 | H47: SA MONANGE CACHOS CD T | I47: 46158 | J47: 46158 | N47: =_xlfn.XLOOKUP('Linhas Rápidas'!B47,COHVPI!A:A,COHVPI!I:I) -> #N/A | O47: - | P47: TERMINA DIA 11/05 | AD47: =VLOOKUP(B47,COHVPI!A:N,14,0) -> #N/A | AE47: =VLOOKUP(B47,COHVPI!A:E,5,0) -> #N/A | AF47: =AE47-D47 -> #N/A
A48: 10 | B48: 1961348 | C48: T26D1509 | D48: 9500 | E48: =_xlfn.XLOOKUP(A48,COHVPI!#REF!,COHVPI!E:E) -> #REF! | F48: =_xlfn.XLOOKUP(B48,COHVPI!A:A,COHVPI!F:F) -> #N/A | G48: 466344 | H48: SA MONANGE CACHOS CD T | I48: 46160 | J48: 46160 | N48: =_xlfn.XLOOKUP('Linhas Rápidas'!B48,COHVPI!A:A,COHVPI!I:I) -> #N/A | O48: - | P48: TERMINA DIA 11/05 | U48: =_xlfn.XLOOKUP(T48,COHVPI!A:A,COHVPI!F:F) -> #N/A | AD48: =VLOOKUP(B48,COHVPI!A:N,14,0) -> #N/A | AE48: =VLOOKUP(B48,COHVPI!A:E,5,0) -> #N/A | AF48: =AE48-D48 -> #N/A
A49: 10 | D49: 9500 | E49: =_xlfn.XLOOKUP(A49,COHVPI!#REF!,COHVPI!E:E) -> #REF! | F49: =_xlfn.XLOOKUP(B49,COHVPI!A:A,COHVPI!F:F) -> #N/A | G49: 466344 | H49: SA MONANGE CACHOS CD T | I49: 46160 | J49: 46160 | N49: =_xlfn.XLOOKUP('Linhas Rápidas'!B49,COHVPI!A:A,COHVPI!I:I) -> 0 | O49: AG. RÓTULO 466465 | P49: TERMINA DIA 11/05 | Z49: 1961349 | AA49: T26D1510 | AD49: =VLOOKUP(B49,COHVPI!A:N,14,0) -> #N/A | AE49: =VLOOKUP(B49,COHVPI!A:E,5,0) -> #N/A | AF49: =AE49-D49 -> #N/A
AD50: =VLOOKUP(B50,COHVPI!A:N,14,0) -> #N/A | AE50: =VLOOKUP(B50,COHVPI!A:E,5,0) -> #N/A | AF50: =AE50-D50 -> #N/A
AD51: =VLOOKUP(B51,COHVPI!A:N,14,0) -> #N/A | AE51: =VLOOKUP(B51,COHVPI!A:E,5,0) -> #N/A | AF51: =AE51-D51 -> #N/A
A52: LINHA 08 - GEL BOCA LARGA / ACETINADO | R52: LINHA 08 - GEL BOCA LARGA | AD52: =VLOOKUP(B52,COHVPI!A:N,14,0) -> #N/A | AE52: =VLOOKUP(B52,COHVPI!A:E,5,0) -> #N/A | AF52: =AE52-D52 -> #N/A
A53: LINHA | B53: Nº ORDEM | C53: LOTE | D53: QTD (KG) | E53: PROGRAMADO | F53: REALIZADO | G53: CÓDIGO | H53: DESCRIÇÃO S.A. | I53: DATA CONGELADA | J53: DATA ATUALIZADA | K53: TB | L53: TC | M53: TA | N53: SAP | O53: STATUS | P53: FRASCOS | R53: CÓDIGO P.A. | S53: DESCRIÇÃO P.A. | T53: Nº ORDEM | U53: REALIZADO | V53: SAP | W53: QTD (CXS) | X53: QTD (UND) | AD53: =VLOOKUP(B53,COHVPI!A:N,14,0) -> #N/A | AE53: =VLOOKUP(B53,COHVPI!A:E,5,0) -> #N/A | AF53: =AE53-D53 -> #N/A
AD54: =VLOOKUP(B54,COHVPI!A:N,14,0) -> #N/A | AE54: =VLOOKUP(B54,COHVPI!A:E,5,0) -> #N/A | AF54: =AE54-D54 -> #N/A
AD55: =VLOOKUP(B55,COHVPI!A:N,14,0) -> #N/A | AE55: =VLOOKUP(B55,COHVPI!A:E,5,0) -> #N/A | AF55: =AE55-D55 -> #N/A
A56: LINHA 09 - GEL BOCA ESTREITA | R56: LINHA 09 - GEL BOCA ESTREITA | AD56: =VLOOKUP(B56,COHVPI!A:N,14,0) -> #N/A | AE56: =VLOOKUP(B56,COHVPI!A:E,5,0) -> #N/A | AF56: =AE56-D56 -> #N/A
A57: LINHA | B57: Nº ORDEM | C57: LOTE | D57: QTD (KG) | E57: PROGRAMADO | F57: REALIZADO | G57: CÓDIGO | H57: DESCRIÇÃO S.A. | I57: DATA CONGELADA | J57: DATA ATUALIZADA | K57: TB | L57: TC | M57: TA | N57: SAP | O57: STATUS | P57: FRASCOS | R57: CÓDIGO P.A. | S57: DESCRIÇÃO P.A. | T57: Nº ORDEM | U57: REALIZADO | V57: SAP | W57: QTD (CXS) | X57: QTD (UND) | AD57: =VLOOKUP(B57,COHVPI!A:N,14,0) -> #N/A | AE57: =VLOOKUP(B57,COHVPI!A:E,5,0) -> #N/A | AF57: =AE57-D57 -> #N/A
AD58: =VLOOKUP(B58,COHVPI!A:N,14,0) -> #N/A | AE58: =VLOOKUP(B58,COHVPI!A:E,5,0) -> #N/A | AF58: =AE58-D58 -> #N/A
AD59: =VLOOKUP(B59,COHVPI!A:N,14,0) -> #N/A | AE59: =VLOOKUP(B59,COHVPI!A:E,5,0) -> #N/A | AF59: =AE59-D59 -> #N/A
A60: LINHA 12 - HIDRATANTE PAIXÃO | R60: LINHA 12 - HIDRATANTE PAIXÃO | AD60: =VLOOKUP(B60,COHVPI!A:N,14,0) -> #N/A | AE60: =VLOOKUP(B60,COHVPI!A:E,5,0) -> #N/A | AF60: =AE60-D60 -> #N/A
A61: LINHA | B61: Nº ORDEM | C61: LOTE | D61: QTD (KG) | E61: PROGRAMADO | F61: REALIZADO | G61: CÓDIGO | H61: DESCRIÇÃO S.A. | I61: DATA CONGELADA | J61: DATA ATUALIZADA | K61: TB | L61: TC | M61: TA | N61: SAP | O61: STATUS | P61: FRASCOS | R61: CÓDIGO P.A. | S61: DESCRIÇÃO P.A. | T61: Nº ORDEM | U61: REALIZADO | V61: DATA SAP | W61: QTD (CXS) | X61: QTD (UND) | AD61: =VLOOKUP(B61,COHVPI!A:N,14,0) -> #N/A | AE61: =VLOOKUP(B61,COHVPI!A:E,5,0) -> #N/A | AF61: =AE61-D61 -> #N/A
A62: 12 | B62: 1961045 | C62: T26D1319 | D62: 9500 | E62: =_xlfn.XLOOKUP(B62,COHVPI!A:A,COHVPI!E:E,0,0,1) -> 0 | F62: =_xlfn.XLOOKUP(B62,COHVPI!A:A,COHVPI!F:F) -> #N/A | G62: 460879 | H62: SA PAIXAO DEO LOCAO INSP ROSAS BRA | I62: 46148 | J62: 46150 | N62: =_xlfn.XLOOKUP('Linhas Rápidas'!B62,COHVPI!A:A,COHVPI!I:I) -> #N/A | O62: - | P62: EM LINHA FRASCO | R62: 15475-3 | S62: PAIXAO DEO LOCAO INSP ROSAS BRA 24X200ML | T62: 1961040 | U62: =_xlfn.XLOOKUP(T62,COHVPI!A:A,COHVPI!F:F) -> 0 | V62: =_xlfn.XLOOKUP(T62,COHVPI!A:A,COHVPI!I:I) -> 46148 | W62: =X62/24 -> 7829.5 | X62: 187908 | AD62: =VLOOKUP(B62,COHVPI!A:N,14,0) -> #N/A | AE62: =VLOOKUP(B62,COHVPI!A:E,5,0) -> #N/A | AF62: =AE62-D62 -> #N/A
A63: 12 | B63: 1961046 | C63: T26D1320 | D63: 9500 | E63: =_xlfn.XLOOKUP(B63,COHVPI!A:A,COHVPI!E:E,0,0,1) -> 0 | F63: =_xlfn.XLOOKUP(B63,COHVPI!A:A,COHVPI!F:F) -> #N/A | G63: 460879 | H63: SA PAIXAO DEO LOCAO INSP ROSAS BRA | I63: 46148 | J63: 46150 | N63: =_xlfn.XLOOKUP('Linhas Rápidas'!B63,COHVPI!A:A,COHVPI!I:I) -> #N/A | O63: - | P63: EM LINHA FRASCO | AD63: =VLOOKUP(B63,COHVPI!A:N,14,0) -> #N/A | AE63: =VLOOKUP(B63,COHVPI!A:E,5,0) -> #N/A | AF63: =AE63-D63 -> #N/A
A64: 12 | B64: 1961047 | C64: T26D1321 | D64: 9500 | E64: =_xlfn.XLOOKUP(B64,COHVPI!A:A,COHVPI!E:E,0,0,1) -> 0 | F64: =_xlfn.XLOOKUP(B64,COHVPI!A:A,COHVPI!F:F) -> #N/A | G64: 460879 | H64: SA PAIXAO DEO LOCAO INSP ROSAS BRA | I64: 46148 | J64: 46152 | N64: =_xlfn.XLOOKUP('Linhas Rápidas'!B64,COHVPI!A:A,COHVPI!I:I) -> #N/A | O64: - | P64: EM LINHA FRASCO | U64: =_xlfn.XLOOKUP(T64,COHVPI!A:A,COHVPI!F:F) -> 0 | AD64: =VLOOKUP(B64,COHVPI!A:N,14,0) -> #N/A | AE64: =VLOOKUP(B64,COHVPI!A:E,5,0) -> #N/A | AF64: =AE64-D64 -> #N/A
A65: 12 | B65: 1961048 | C65: T26D1322 | D65: 9500 | E65: =_xlfn.XLOOKUP(B65,COHVPI!A:A,COHVPI!E:E,0,0,1) -> 0 | F65: =_xlfn.XLOOKUP(B65,COHVPI!A:A,COHVPI!F:F) -> #N/A | G65: 460879 | H65: SA PAIXAO DEO LOCAO INSP ROSAS BRA | I65: 46148 | J65: 46152 | N65: =_xlfn.XLOOKUP('Linhas Rápidas'!B65,COHVPI!A:A,COHVPI!I:I) -> #N/A | O65: - | P65: EM LINHA FRASCO | AD65: =VLOOKUP(B65,COHVPI!A:N,14,0) -> #N/A | AE65: =VLOOKUP(B65,COHVPI!A:E,5,0) -> #N/A | AF65: =AE65-D65 -> #N/A
H66: SETUP PARA PEAD 400ML - 1 TURNO | R66: SETUP PARA PEAD 400ML | AD66: =VLOOKUP(B66,COHVPI!A:N,14,0) -> #N/A | AE66: =VLOOKUP(B66,COHVPI!A:E,5,0) -> #N/A | AF66: =AE66-D66 -> #N/A
A67: 12 | B67: 1961531 | C67: T26D1588 | D67: 9500 | E67: =_xlfn.XLOOKUP(A67,COHVPI!#REF!,COHVPI!E:E) -> #REF! | F67: =_xlfn.XLOOKUP(B67,COHVPI!A:A,COHVPI!F:F) -> #N/A | G67: 460881 | H67: SA PAIXAO DEO LOCAO TENT AMEIXA RU | I67: 46149 | J67: 46150 | N67: =_xlfn.XLOOKUP('Linhas Rápidas'!B67,COHVPI!A:A,COHVPI!I:I) -> #N/A | O67: - | P67: OK | R67: 19340-4 | S67: PAIXAO DEO LOCAO TENT AMEIXA RU 12X400ML | T67: 1962547 | U67: =_xlfn.XLOOKUP(T67,COHVPI!A:A,COHVPI!F:F) -> 0 | V67: =_xlfn.XLOOKUP(T67,COHVPI!A:A,COHVPI!I:I) -> 46149 | W67: =X67/12 -> 7805.6667 | X67: =23417*4 -> 93668 | AD67: =VLOOKUP(B67,COHVPI!A:N,14,0) -> #N/A | AE67: =VLOOKUP(B67,COHVPI!A:E,5,0) -> #N/A | AF67: =AE67-D67 -> #N/A
A68: 12 | B68: 1961532 | C68: T26D1589 | D68: 9500 | E68: =_xlfn.XLOOKUP(A68,COHVPI!#REF!,COHVPI!E:E) -> #REF! | F68: =_xlfn.XLOOKUP(B68,COHVPI!A:A,COHVPI!F:F) -> #N/A | G68: 460881 | H68: SA PAIXAO DEO LOCAO TENT AMEIXA RU | I68: 46149 | J68: 46150 | N68: =_xlfn.XLOOKUP('Linhas Rápidas'!B68,COHVPI!A:A,COHVPI!I:I) -> #N/A | O68: - | P68: OK | AD68: =VLOOKUP(B68,COHVPI!A:N,14,0) -> #N/A | AE68: =VLOOKUP(B68,COHVPI!A:E,5,0) -> #N/A | AF68: =AE68-D68 -> #N/A
A69: 12 | B69: 1961533 | C69: T26D1590 | D69: 9500 | E69: =_xlfn.XLOOKUP(A69,COHVPI!#REF!,COHVPI!E:E) -> #REF! | F69: =_xlfn.XLOOKUP(B69,COHVPI!A:A,COHVPI!F:F) -> #N/A | G69: 460881 | H69: SA PAIXAO DEO LOCAO TENT AMEIXA RU | I69: 46149 | J69: 46150 | N69: =_xlfn.XLOOKUP('Linhas Rápidas'!B69,COHVPI!A:A,COHVPI!I:I) -> #N/A | O69: - | P69: OK | U69: =_xlfn.XLOOKUP(T69,COHVPI!A:A,COHVPI!F:F) -> #N/A | AD69: =VLOOKUP(B69,COHVPI!A:N,14,0) -> #N/A | AE69: =VLOOKUP(B69,COHVPI!A:E,5,0) -> #N/A | AF69: =AE69-D69 -> #N/A
A70: 12 | B70: 1961534 | C70: T26D1591 | D70: 9500 | E70: =_xlfn.XLOOKUP(A70,COHVPI!#REF!,COHVPI!E:E) -> #REF! | F70: =_xlfn.XLOOKUP(B70,COHVPI!A:A,COHVPI!F:F) -> #N/A | G70: 460881 | H70: SA PAIXAO DEO LOCAO TENT AMEIXA RU | I70: 46149 | J70: 46151 | N70: =_xlfn.XLOOKUP('Linhas Rápidas'!B70,COHVPI!A:A,COHVPI!I:I) -> #N/A | O70: - | P70: OK | AD70: =VLOOKUP(B70,COHVPI!A:N,14,0) -> #N/A | AE70: =VLOOKUP(B70,COHVPI!A:E,5,0) -> #N/A | AF70: =AE70-D70 -> #N/A
A71: 12 | B71: 1961535 | C71: T26D1592 | D71: 9500 | E71: =_xlfn.XLOOKUP(A71,COHVPI!#REF!,COHVPI!E:E) -> #REF! | F71: =_xlfn.XLOOKUP(B71,COHVPI!A:A,COHVPI!F:F) -> #N/A | G71: 460881 | H71: SA PAIXAO DEO LOCAO TENT AMEIXA RU | I71: 46150 | J71: 46151 | N71: =_xlfn.XLOOKUP('Linhas Rápidas'!B71,COHVPI!A:A,COHVPI!I:I) -> #N/A | O71: - | P71: OK | R71: 19340-4 | S71: PAIXAO DEO LOCAO TENT AMEIXA RU 12X400ML | T71: 1961428 | U71: =_xlfn.XLOOKUP(T71,COHVPI!A:A,COHVPI!F:F) -> 0 | V71: =_xlfn.XLOOKUP(T71,COHVPI!A:A,COHVPI!I:I) -> 46150 | W71: =X71/12 -> 7805.6667 | X71: =23417*4 -> 93668 | AD71: =VLOOKUP(B71,COHVPI!A:N,14,0) -> #N/A | AE71: =VLOOKUP(B71,COHVPI!A:E,5,0) -> #N/A | AF71: =AE71-D71 -> #N/A
A72: 12 | B72: 1961536 | C72: T26D1593 | D72: 9500 | E72: =_xlfn.XLOOKUP(A72,COHVPI!#REF!,COHVPI!E:E) -> #REF! | F72: =_xlfn.XLOOKUP(B72,COHVPI!A:A,COHVPI!F:F) -> #N/A | G72: 460881 | H72: SA PAIXAO DEO LOCAO TENT AMEIXA RU | I72: 46150 | J72: 46151 | N72: =_xlfn.XLOOKUP('Linhas Rápidas'!B72,COHVPI!A:A,COHVPI!I:I) -> #N/A | O72: - | P72: OK | AD72: =VLOOKUP(B72,COHVPI!A:N,14,0) -> #N/A | AE72: =VLOOKUP(B72,COHVPI!A:E,5,0) -> #N/A | AF72: =AE72-D72 -> #N/A
A73: 12 | B73: 1961537 | C73: T26D1594 | D73: 9500 | E73: =_xlfn.XLOOKUP(A73,COHVPI!#REF!,COHVPI!E:E) -> #REF! | F73: =_xlfn.XLOOKUP(B73,COHVPI!A:A,COHVPI!F:F) -> #N/A | G73: 460881 | H73: SA PAIXAO DEO LOCAO TENT AMEIXA RU | I73: 46150 | J73: 46151 | N73: =_xlfn.XLOOKUP('Linhas Rápidas'!B73,COHVPI!A:A,COHVPI!I:I) -> #N/A | O73: - | P73: OK | U73: =_xlfn.XLOOKUP(T73,COHVPI!A:A,COHVPI!F:F) -> #N/A | AD73: =VLOOKUP(B73,COHVPI!A:N,14,0) -> #N/A | AE73: =VLOOKUP(B73,COHVPI!A:E,5,0) -> #N/A | AF73: =AE73-D73 -> #N/A
A74: 12 | B74: 1961538 | C74: T26D1595 | D74: 9500 | E74: =_xlfn.XLOOKUP(A74,COHVPI!#REF!,COHVPI!E:E) -> #REF! | F74: =_xlfn.XLOOKUP(B74,COHVPI!A:A,COHVPI!F:F) -> #N/A | G74: 460881 | H74: SA PAIXAO DEO LOCAO TENT AMEIXA RU | I74: 46150 | J74: 46153 | N74: =_xlfn.XLOOKUP('Linhas Rápidas'!B74,COHVPI!A:A,COHVPI!I:I) -> #N/A | O74: - | P74: OK | AD74: =VLOOKUP(B74,COHVPI!A:N,14,0) -> #N/A | AE74: =VLOOKUP(B74,COHVPI!A:E,5,0) -> #N/A | AF74: =AE74-D74 -> #N/A
A75: 12 | B75: 1961539 | C75: T26D1596 | D75: 9500 | E75: =_xlfn.XLOOKUP(A75,COHVPI!#REF!,COHVPI!E:E) -> #REF! | F75: =_xlfn.XLOOKUP(B75,COHVPI!A:A,COHVPI!F:F) -> #N/A | G75: 460881 | H75: SA PAIXAO DEO LOCAO TENT AMEIXA RU | I75: 46151 | J75: 46153 | N75: =_xlfn.XLOOKUP('Linhas Rápidas'!B75,COHVPI!A:A,COHVPI!I:I) -> #N/A | O75: QUEBRA DE RUN -> FALTA DE TAMPA | P75: OK | R75: 19340-4 | S75: PAIXAO DEO LOCAO TENT AMEIXA RU 12X400ML | T75: 1961430 | U75: =_xlfn.XLOOKUP(T75,COHVPI!A:A,COHVPI!F:F) -> 0 | V75: =_xlfn.XLOOKUP(T75,COHVPI!A:A,COHVPI!I:I) -> 46151 | W75: =X75/12 -> 7805.6667 | X75: =23417*4 -> 93668 | AD75: =VLOOKUP(B75,COHVPI!A:N,14,0) -> #N/A | AE75: =VLOOKUP(B75,COHVPI!A:E,5,0) -> #N/A | AF75: =AE75-D75 -> #N/A
A76: 12 | B76: 1961540 | C76: T26D1597 | D76: 9500 | E76: =_xlfn.XLOOKUP(A76,COHVPI!#REF!,COHVPI!E:E) -> #REF! | F76: =_xlfn.XLOOKUP(B76,COHVPI!A:A,COHVPI!F:F) -> #N/A | G76: 460881 | H76: SA PAIXAO DEO LOCAO TENT AMEIXA RU | I76: 46151 | J76: 46153 | N76: =_xlfn.XLOOKUP('Linhas Rápidas'!B76,COHVPI!A:A,COHVPI!I:I) -> #N/A | O76: QUEBRA DE RUN -> FALTA DE TAMPA | P76: OK | AD76: =VLOOKUP(B76,COHVPI!A:N,14,0) -> #N/A | AE76: =VLOOKUP(B76,COHVPI!A:E,5,0) -> #N/A | AF76: =AE76-D76 -> #N/A
A77: 12 | B77: 1961541 | C77: T26D1598 | D77: 9500 | E77: =_xlfn.XLOOKUP(A77,COHVPI!#REF!,COHVPI!E:E) -> #REF! | F77: =_xlfn.XLOOKUP(B77,COHVPI!A:A,COHVPI!F:F) -> #N/A | G77: 460881 | H77: SA PAIXAO DEO LOCAO TENT AMEIXA RU | I77: 46151 | J77: 46153 | N77: =_xlfn.XLOOKUP('Linhas Rápidas'!B77,COHVPI!A:A,COHVPI!I:I) -> #N/A | O77: QUEBRA DE RUN -> FALTA DE TAMPA | P77: OK | U77: =_xlfn.XLOOKUP(T77,COHVPI!A:A,COHVPI!F:F) -> #N/A | AD77: =VLOOKUP(B77,COHVPI!A:N,14,0) -> #N/A | AE77: =VLOOKUP(B77,COHVPI!A:E,5,0) -> #N/A | AF77: =AE77-D77 -> #N/A
A78: 12 | B78: 1961542 | C78: T26D1599 | D78: 9500 | E78: =_xlfn.XLOOKUP(A78,COHVPI!#REF!,COHVPI!E:E) -> #REF! | F78: =_xlfn.XLOOKUP(B78,COHVPI!A:A,COHVPI!F:F) -> #N/A | G78: 460881 | H78: SA PAIXAO DEO LOCAO TENT AMEIXA RU | I78: 46151 | J78: 46154 | N78: =_xlfn.XLOOKUP('Linhas Rápidas'!B78,COHVPI!A:A,COHVPI!I:I) -> #N/A | O78: QUEBRA DE RUN -> FALTA DE TAMPA | P78: OK | AD78: =VLOOKUP(B78,COHVPI!A:N,14,0) -> #N/A | AE78: =VLOOKUP(B78,COHVPI!A:E,5,0) -> #N/A | AF78: =AE78-D78 -> #N/A
A79: 12 | B79: 1961543 | C79: T26D1600 | D79: 9500 | E79: =_xlfn.XLOOKUP(A79,COHVPI!#REF!,COHVPI!E:E) -> #REF! | F79: =_xlfn.XLOOKUP(B79,COHVPI!A:A,COHVPI!F:F) -> #N/A | G79: 460881 | H79: SA PAIXAO DEO LOCAO TENT AMEIXA RU | I79: 46153 | J79: 46154 | N79: =_xlfn.XLOOKUP('Linhas Rápidas'!B79,COHVPI!A:A,COHVPI!I:I) -> #N/A | O79: QUEBRA DE RUN -> FALTA DE TAMPA | P79: OK | R79: 19340-4 | S79: PAIXAO DEO LOCAO TENT AMEIXA RU 12X400ML | T79: 1961423 | U79: =_xlfn.XLOOKUP(T79,COHVPI!A:A,COHVPI!F:F) -> 0 | V79: =_xlfn.XLOOKUP(T79,COHVPI!A:A,COHVPI!I:I) -> 46153 | W79: =X79/12 -> 5854.25 | X79: =23417*3 -> 70251 | AD79: =VLOOKUP(B79,COHVPI!A:N,14,0) -> #N/A | AE79: =VLOOKUP(B79,COHVPI!A:E,5,0) -> #N/A | AF79: =AE79-D79 -> #N/A
A80: 12 | B80: 1961544 | C80: T26D1601 | D80: 9500 | E80: =_xlfn.XLOOKUP(A80,COHVPI!#REF!,COHVPI!E:E) -> #REF! | F80: =_xlfn.XLOOKUP(B80,COHVPI!A:A,COHVPI!F:F) -> #N/A | G80: 460881 | H80: SA PAIXAO DEO LOCAO TENT AMEIXA RU | I80: 46153 | J80: 46154 | N80: =_xlfn.XLOOKUP('Linhas Rápidas'!B80,COHVPI!A:A,COHVPI!I:I) -> #N/A | O80: QUEBRA DE RUN -> FALTA DE TAMPA | P80: OK | AD80: =VLOOKUP(B80,COHVPI!A:N,14,0) -> #N/A | AE80: =VLOOKUP(B80,COHVPI!A:E,5,0) -> #N/A | AF80: =AE80-D80 -> #N/A
A81: 12 | B81: 1961545 | C81: T26D1602 | D81: 9500 | E81: =_xlfn.XLOOKUP(A81,COHVPI!#REF!,COHVPI!E:E) -> #REF! | F81: =_xlfn.XLOOKUP(B81,COHVPI!A:A,COHVPI!F:F) -> #N/A | G81: 460881 | H81: SA PAIXAO DEO LOCAO TENT AMEIXA RU | I81: 46153 | J81: 46154 | N81: =_xlfn.XLOOKUP('Linhas Rápidas'!B81,COHVPI!A:A,COHVPI!I:I) -> #N/A | O81: QUEBRA DE RUN -> FALTA DE TAMPA | P81: OK | U81: =_xlfn.XLOOKUP(T81,COHVPI!A:A,COHVPI!F:F) -> #N/A | AD81: =VLOOKUP(B81,COHVPI!A:N,14,0) -> #N/A | AE81: =VLOOKUP(B81,COHVPI!A:E,5,0) -> #N/A | AF81: =AE81-D81 -> #N/A
H82: SETUP PARA PET 200ML - 0H | R82: SETUP PARA PET 200ML - 0H | AD82: =VLOOKUP(B82,COHVPI!A:N,14,0) -> #N/A | AE82: =VLOOKUP(B82,COHVPI!A:E,5,0) -> #N/A | AF82: =AE82-D82 -> #N/A
A83: 12 | B83: 1961556 | C83: T26D1613 | D83: 9500 | E83: =_xlfn.XLOOKUP(B83,COHVPI!A:A,COHVPI!E:E,0,0,1) -> 0 | F83: =_xlfn.XLOOKUP(B83,COHVPI!A:A,COHVPI!F:F) -> #N/A | G83: 460884 | H83: SA PAIXAO DEO LOCAO FLOR BAUNILHA | I83: 46154 | J83: 46155 | N83: =_xlfn.XLOOKUP('Linhas Rápidas'!B83,COHVPI!A:A,COHVPI!I:I) -> #N/A | O83: - | P83: OK | R83: 25107-0 | S83: PAIXAO DEO LOCAO FLOR BAUNILHA 24X200ML | T83: 1961417 | U83: =_xlfn.XLOOKUP(T83,COHVPI!A:A,COHVPI!F:F) -> 0 | V83: =_xlfn.XLOOKUP(T83,COHVPI!A:A,COHVPI!I:I) -> 46154 | W83: =X83/24 -> 7846.1667 | X83: =47077*4 -> 188308 | AD83: =VLOOKUP(B83,COHVPI!A:N,14,0) -> #N/A | AE83: =VLOOKUP(B83,COHVPI!A:E,5,0) -> #N/A | AF83: =AE83-D83 -> #N/A
A84: 12 | B84: 1961557 | C84: T26D1614 | D84: 9500 | E84: =_xlfn.XLOOKUP(B84,COHVPI!A:A,COHVPI!E:E,0,0,1) -> 0 | F84: =_xlfn.XLOOKUP(B84,COHVPI!A:A,COHVPI!F:F) -> #N/A | G84: 460884 | H84: SA PAIXAO DEO LOCAO FLOR BAUNILHA | I84: 46154 | J84: 46155 | N84: =_xlfn.XLOOKUP('Linhas Rápidas'!B84,COHVPI!A:A,COHVPI!I:I) -> #N/A | O84: - | P84: OK | AD84: =VLOOKUP(B84,COHVPI!A:N,14,0) -> #N/A | AE84: =VLOOKUP(B84,COHVPI!A:E,5,0) -> #N/A | AF84: =AE84-D84 -> #N/A
A85: 12 | B85: 1961558 | C85: T26D1615 | D85: 9500 | E85: =_xlfn.XLOOKUP(B85,COHVPI!A:A,COHVPI!E:E,0,0,1) -> 0 | F85: =_xlfn.XLOOKUP(B85,COHVPI!A:A,COHVPI!F:F) -> #N/A | G85: 460884 | H85: SA PAIXAO DEO LOCAO FLOR BAUNILHA | I85: 46154 | J85: 46155 | N85: =_xlfn.XLOOKUP('Linhas Rápidas'!B85,COHVPI!A:A,COHVPI!I:I) -> #N/A | O85: - | P85: OK | U85: =_xlfn.XLOOKUP(T85,COHVPI!A:A,COHVPI!F:F) -> #N/A | AD85: =VLOOKUP(B85,COHVPI!A:N,14,0) -> #N/A | AE85: =VLOOKUP(B85,COHVPI!A:E,5,0) -> #N/A | AF85: =AE85-D85 -> #N/A
A86: 12 | B86: 1961559 | C86: T26D1616 | D86: 9500 | E86: =_xlfn.XLOOKUP(B86,COHVPI!A:A,COHVPI!E:E,0,0,1) -> 0 | F86: =_xlfn.XLOOKUP(B86,COHVPI!A:A,COHVPI!F:F) -> #N/A | G86: 460884 | H86: SA PAIXAO DEO LOCAO FLOR BAUNILHA | I86: 46154 | J86: 46155 | N86: =_xlfn.XLOOKUP('Linhas Rápidas'!B86,COHVPI!A:A,COHVPI!I:I) -> #N/A | O86: - | P86: OK | AD86: =VLOOKUP(B86,COHVPI!A:N,14,0) -> #N/A | AE86: =VLOOKUP(B86,COHVPI!A:E,5,0) -> #N/A | AF86: =AE86-D86 -> #N/A
A87: 12 | B87: 1961560 | C87: T26D1617 | D87: 9500 | E87: =_xlfn.XLOOKUP(B87,COHVPI!A:A,COHVPI!E:E,0,0,1) -> 0 | F87: =_xlfn.XLOOKUP(B87,COHVPI!A:A,COHVPI!F:F) -> #N/A | G87: 460884 | H87: SA PAIXAO DEO LOCAO FLOR BAUNILHA | I87: 46155 | J87: 46156 | N87: =_xlfn.XLOOKUP('Linhas Rápidas'!B87,COHVPI!A:A,COHVPI!I:I) -> #N/A | O87: - | P87: OK | R87: 25107-0 | S87: PAIXAO DEO LOCAO FLOR BAUNILHA 24X200ML | T87: 1961420 | U87: =_xlfn.XLOOKUP(T87,COHVPI!A:A,COHVPI!F:F) -> 0 | V87: =_xlfn.XLOOKUP(T87,COHVPI!A:A,COHVPI!I:I) -> 46155 | W87: =X87/24 -> 7846.1667 | X87: =47077*4 -> 188308 | AD87: =VLOOKUP(B87,COHVPI!A:N,14,0) -> #N/A | AE87: =VLOOKUP(B87,COHVPI!A:E,5,0) -> #N/A | AF87: =AE87-D87 -> #N/A
A88: 12 | B88: 1961561 | C88: T26D1618 | D88: 9500 | E88: =_xlfn.XLOOKUP(B88,COHVPI!A:A,COHVPI!E:E,0,0,1) -> 0 | F88: =_xlfn.XLOOKUP(B88,COHVPI!A:A,COHVPI!F:F) -> #N/A | G88: 460884 | H88: SA PAIXAO DEO LOCAO FLOR BAUNILHA | I88: 46155 | J88: 46156 | N88: =_xlfn.XLOOKUP('Linhas Rápidas'!B88,COHVPI!A:A,COHVPI!I:I) -> #N/A | O88: - | P88: OK | AD88: =VLOOKUP(B88,COHVPI!A:N,14,0) -> #N/A | AE88: =VLOOKUP(B88,COHVPI!A:E,5,0) -> #N/A | AF88: =AE88-D88 -> #N/A
A89: 12 | B89: 1961562 | C89: T26D1619 | D89: 9500 | E89: =_xlfn.XLOOKUP(B89,COHVPI!A:A,COHVPI!E:E,0,0,1) -> 0 | F89: =_xlfn.XLOOKUP(B89,COHVPI!A:A,COHVPI!F:F) -> #N/A | G89: 460884 | H89: SA PAIXAO DEO LOCAO FLOR BAUNILHA | I89: 46155 | J89: 46156 | N89: =_xlfn.XLOOKUP('Linhas Rápidas'!B89,COHVPI!A:A,COHVPI!I:I) -> #N/A | O89: - | P89: OK | U89: =_xlfn.XLOOKUP(T89,COHVPI!A:A,COHVPI!F:F) -> 0 | AD89: =VLOOKUP(B89,COHVPI!A:N,14,0) -> #N/A | AE89: =VLOOKUP(B89,COHVPI!A:E,5,0) -> #N/A | AF89: =AE89-D89 -> #N/A
A90: 12 | B90: 1961563 | C90: T26D1620 | D90: 9500 | E90: =_xlfn.XLOOKUP(B90,COHVPI!A:A,COHVPI!E:E,0,0,1) -> 0 | F90: =_xlfn.XLOOKUP(B90,COHVPI!A:A,COHVPI!F:F) -> #N/A | G90: 460884 | H90: SA PAIXAO DEO LOCAO FLOR BAUNILHA | I90: 46155 | J90: 46156 | N90: =_xlfn.XLOOKUP('Linhas Rápidas'!B90,COHVPI!A:A,COHVPI!I:I) -> #N/A | O90: - | P90: OK | AD90: =VLOOKUP(B90,COHVPI!A:N,14,0) -> #N/A | AE90: =VLOOKUP(B90,COHVPI!A:E,5,0) -> #N/A | AF90: =AE90-D90 -> #N/A
A91: 12 | B91: 1961652 | C91: ?? | D91: 9500 | E91: =_xlfn.XLOOKUP(A91,COHVPI!#REF!,COHVPI!E:E) -> #REF! | F91: =_xlfn.XLOOKUP(B91,COHVPI!A:A,COHVPI!F:F) -> #N/A | G91: 470545 | H91: SA PAIXAO DEO LOC HIDR RS IMPER | I91: 46157 | J91: 46157 | N91: =_xlfn.XLOOKUP('Linhas Rápidas'!B91,COHVPI!A:A,COHVPI!I:I) -> #N/A | O91: PROJETO ONLY YOU (PILOTO) | P91: OK | R91: 29877-0 | S91: PAIXAO DEO LOCAO RS IMPER 24X200ML | T91: 1961425 | W91: =X91/24 -> 1979 | X91: 47496
H92: SETUP PARA PEAD 200ML - 1 TURNO | R92: SETUP PARA PEAD 200ML - 1 TURNO | AD92: =VLOOKUP(B92,COHVPI!A:N,14,0) -> #N/A | AE92: =VLOOKUP(B92,COHVPI!A:E,5,0) -> #N/A | AF92: =AE92-D92 -> #N/A
A93: 12 | B93: 1961667 | C93: T26D1726 | D93: 9500 | E93: =_xlfn.XLOOKUP(A93,COHVPI!#REF!,COHVPI!E:E) -> #REF! | F93: =_xlfn.XLOOKUP(B93,COHVPI!A:A,COHVPI!F:F) -> #N/A | G93: 460879 | H93: SA PAIXAO DEO LOC INSP ROSAS BRA | I93: 46157 | J93: 46157 | N93: =_xlfn.XLOOKUP('Linhas Rápidas'!B93,COHVPI!A:A,COHVPI!I:I) -> #N/A | O93: - | P93: TERMINA DIA 11/05 | R93: 15475-3 | S93: PAIXAO DEO LOCAO INSP ROSAS BRA 24X200ML | T93: 1961450 | U93: =_xlfn.XLOOKUP(T93,COHVPI!A:A,COHVPI!F:F) -> 0 | V93: =_xlfn.XLOOKUP(T93,COHVPI!A:A,COHVPI!I:I) -> 46156 | W93: =X93/24 -> 7829.5 | X93: =46977*4 -> 187908 | AD93: =VLOOKUP(B93,COHVPI!A:N,14,0) -> #N/A | AE93: =VLOOKUP(B93,COHVPI!A:E,5,0) -> #N/A | AF93: =AE93-D93 -> #N/A
A94: 12 | B94: 1961668 | C94: T26D1727 | D94: 9500 | E94: =_xlfn.XLOOKUP(A94,COHVPI!#REF!,COHVPI!E:E) -> #REF! | F94: =_xlfn.XLOOKUP(B94,COHVPI!A:A,COHVPI!F:F) -> #N/A | G94: 460879 | H94: SA PAIXAO DEO LOC INSP ROSAS BRA | I94: 46157 | J94: 46157 | N94: =_xlfn.XLOOKUP('Linhas Rápidas'!B94,COHVPI!A:A,COHVPI!I:I) -> #N/A | O94: - | P94: TERMINA DIA 11/05 | AD94: =VLOOKUP(B94,COHVPI!A:N,14,0) -> #N/A | AE94: =VLOOKUP(B94,COHVPI!A:E,5,0) -> #N/A | AF94: =AE94-D94 -> #N/A
A95: 12 | B95: 1961669 | C95: T26D1728 | D95: 9500 | E95: =_xlfn.XLOOKUP(A95,COHVPI!#REF!,COHVPI!E:E) -> #REF! | F95: =_xlfn.XLOOKUP(B95,COHVPI!A:A,COHVPI!F:F) -> #N/A | G95: 460879 | H95: SA PAIXAO DEO LOC INSP ROSAS BRA | I95: 46158 | J95: 46158 | N95: =_xlfn.XLOOKUP('Linhas Rápidas'!B95,COHVPI!A:A,COHVPI!I:I) -> #N/A | O95: - | P95: TERMINA DIA 11/05 | U95: =_xlfn.XLOOKUP(T95,COHVPI!A:A,COHVPI!F:F) -> 0 | AD95: =VLOOKUP(B95,COHVPI!A:N,14,0) -> #N/A | AE95: =VLOOKUP(B95,COHVPI!A:E,5,0) -> #N/A | AF95: =AE95-D95 -> #N/A
A96: 12 | B96: 1961670 | C96: T26D1729 | D96: 9500 | E96: =_xlfn.XLOOKUP(A96,COHVPI!#REF!,COHVPI!E:E) -> #REF! | F96: =_xlfn.XLOOKUP(B96,COHVPI!A:A,COHVPI!F:F) -> #N/A | G96: 460879 | H96: SA PAIXAO DEO LOC INSP ROSAS BRA | I96: 46158 | J96: 46158 | N96: =_xlfn.XLOOKUP('Linhas Rápidas'!B96,COHVPI!A:A,COHVPI!I:I) -> #N/A | O96: - | P96: TERMINA DIA 11/05 | AD96: =VLOOKUP(B96,COHVPI!A:N,14,0) -> #N/A | AE96: =VLOOKUP(B96,COHVPI!A:E,5,0) -> #N/A | AF96: =AE96-D96 -> #N/A
A97: 12 | B97: 1961671 | C97: T26D1730 | D97: 9500 | E97: =_xlfn.XLOOKUP(A97,COHVPI!#REF!,COHVPI!E:E) -> #REF! | F97: =_xlfn.XLOOKUP(B97,COHVPI!A:A,COHVPI!F:F) -> #N/A | G97: 460879 | H97: SA PAIXAO DEO LOC INSP ROSAS BRA | I97: 46158 | J97: 46158 | N97: =_xlfn.XLOOKUP('Linhas Rápidas'!B97,COHVPI!A:A,COHVPI!I:I) -> #N/A | O97: - | P97: TERMINA DIA 13/05 | R97: 15475-3 | S97: PAIXAO DEO LOCAO INSP ROSAS BRA 24X200ML | T97: 1961453 | U97: =_xlfn.XLOOKUP(T97,COHVPI!A:A,COHVPI!F:F) -> 0 | V97: =_xlfn.XLOOKUP(T97,COHVPI!A:A,COHVPI!I:I) -> 46157 | W97: =X97/24 -> 7829.5 | X97: =46977*4 -> 187908 | AD97: =VLOOKUP(B97,COHVPI!A:N,14,0) -> #N/A | AE97: =VLOOKUP(B97,COHVPI!A:E,5,0) -> #N/A | AF97: =AE97-D97 -> #N/A
A98: 12 | B98: 1961672 | C98: T26D1731 | D98: 9500 | E98: =_xlfn.XLOOKUP(A98,COHVPI!#REF!,COHVPI!E:E) -> #REF! | F98: =_xlfn.XLOOKUP(B98,COHVPI!A:A,COHVPI!F:F) -> #N/A | G98: 460879 | H98: SA PAIXAO DEO LOC INSP ROSAS BRA | I98: 46158 | J98: 46158 | N98: =_xlfn.XLOOKUP('Linhas Rápidas'!B98,COHVPI!A:A,COHVPI!I:I) -> #N/A | O98: - | P98: TERMINA DIA 13/05 | AD98: =VLOOKUP(B98,COHVPI!A:N,14,0) -> #N/A | AE98: =VLOOKUP(B98,COHVPI!A:E,5,0) -> #N/A | AF98: =AE98-D98 -> #N/A
A99: 12 | B99: 1961673 | C99: T26D1732 | D99: 9500 | E99: =_xlfn.XLOOKUP(A99,COHVPI!#REF!,COHVPI!E:E) -> #REF! | F99: =_xlfn.XLOOKUP(B99,COHVPI!A:A,COHVPI!F:F) -> #N/A | G99: 460879 | H99: SA PAIXAO DEO LOC INSP ROSAS BRA | I99: 46160 | J99: 46160 | N99: =_xlfn.XLOOKUP('Linhas Rápidas'!B99,COHVPI!A:A,COHVPI!I:I) -> #N/A | O99: - | P99: TERMINA DIA 13/05 | U99: =_xlfn.XLOOKUP(T99,COHVPI!A:A,COHVPI!F:F) -> 0 | AD99: =VLOOKUP(B99,COHVPI!A:N,14,0) -> #N/A | AE99: =VLOOKUP(B99,COHVPI!A:E,5,0) -> #N/A | AF99: =AE99-D99 -> #N/A
A100: 12 | B100: 1961674 | C100: T26D1733 | D100: 9500 | E100: =_xlfn.XLOOKUP(A100,COHVPI!#REF!,COHVPI!E:E) -> #REF! | F100: =_xlfn.XLOOKUP(B100,COHVPI!A:A,COHVPI!F:F) -> #N/A | G100: 460879 | H100: SA PAIXAO DEO LOC INSP ROSAS BRA | I100: 46160 | J100: 46160 | N100: =_xlfn.XLOOKUP('Linhas Rápidas'!B100,COHVPI!A:A,COHVPI!I:I) -> #N/A | O100: - | P100: TERMINA DIA 13/05 | AD100: =VLOOKUP(B100,COHVPI!A:N,14,0) -> #N/A | AE100: =VLOOKUP(B100,COHVPI!A:E,5,0) -> #N/A | AF100: =AE100-D100 -> #N/A
A101: 12 | B101: 1961675 | C101: T26D1734 | D101: 9500 | E101: =_xlfn.XLOOKUP(A101,COHVPI!#REF!,COHVPI!E:E) -> #REF! | F101: =_xlfn.XLOOKUP(B101,COHVPI!A:A,COHVPI!F:F) -> #N/A | G101: 460879 | H101: SA PAIXAO DEO LOC INSP ROSAS BRA | I101: 46160 | J101: 46160 | N101: =_xlfn.XLOOKUP('Linhas Rápidas'!B101,COHVPI!A:A,COHVPI!I:I) -> #N/A | O101: QUEBRA DE RUN DEVIDO A FALTA DE FRASCO | P101: TERMINA DIA 15/05 | R101: 15475-3 | S101: PAIXAO DEO LOCAO INSP ROSAS BRA 24X200ML | T101: 1961456 | U101: =_xlfn.XLOOKUP(T101,COHVPI!A:A,COHVPI!F:F) -> 0 | V101: =_xlfn.XLOOKUP(T101,COHVPI!A:A,COHVPI!I:I) -> 46158 | W101: =X101/24 -> 7829.5 | X101: =46977*4 -> 187908 | AD101: =VLOOKUP(B101,COHVPI!A:N,14,0) -> #N/A | AE101: =VLOOKUP(B101,COHVPI!A:E,5,0) -> #N/A | AF101: =AE101-D101 -> #N/A
...

Sheet COHVPI
A1: Ordem | B1: Nº do material | C1: Texto breve de material | D1: Lote | E1: Quantidade da ordem (GMEIN) | F1: Qtd.fornecida (GMEIN) | G1: Unidade de medida (=GMEIN) | H1: Planejador MRP | I1: Data-base iníc. | J1: Data de conclusão base | K1: Hr.início programada | L1: Fim program. (hora) | M1: Versão de produção | N1: Status do sistema
A2: 1962258 | B2: 15475-3 | C2: PAIXAO DEO LOCAO INSP ROSAS BRA 24X200ML | D2: 6125C1 | E2: 7830 | F2: 7725 | G2: CX | H2: Z03 | I2: 46147 | J2: 46148 | K2: 0.68199074 | L2: 0.68806713 | N2: ENTE MATF IMPR CNPA CAPC CPRE DMNV FRNP*
A3: 1961040 | B3: 15475-3 | C3: PAIXAO DEO LOCAO INSP ROSAS BRA 24X200ML | E3: 7830 | F3: 0 | G3: CX | H3: Z03 | I3: 46148 | J3: 46149 | K3: 0.27777778 | L3: 0.3474537 | N3: ABER CNAT DMNV NOLQ ORSL
A4: 1961450 | B4: 15475-3 | C4: PAIXAO DEO LOCAO INSP ROSAS BRA 24X200ML | E4: 7830 | F4: 0 | G4: CX | H4: Z03 | I4: 46156 | J4: 46157 | K4: 0.27777778 | L4: 0.3474537 | N4: ABER CNAT DMNV NOLQ ORSL
A5: 1961453 | B5: 15475-3 | C5: PAIXAO DEO LOCAO INSP ROSAS BRA 24X200ML | E5: 7830 | F5: 0 | G5: CX | H5: Z03 | I5: 46157 | J5: 46158 | K5: 0.27777778 | L5: 0.3474537 | N5: ABER CNAT DMNV NOLQ ORSL
A6: 1961456 | B6: 15475-3 | C6: PAIXAO DEO LOCAO INSP ROSAS BRA 24X200ML | E6: 7830 | F6: 0 | G6: CX | H6: Z03 | I6: 46158 | J6: 46160 | K6: 0.27777778 | L6: 0.3474537 | N6: ABER CNAT DMNV NOLQ ORSL
A7: 1961458 | B7: 15475-3 | C7: PAIXAO DEO LOCAO INSP ROSAS BRA 24X200ML | E7: 7830 | F7: 0 | G7: CX | H7: Z03 | I7: 46160 | J7: 46161 | K7: 0.27777778 | L7: 0.3474537 | N7: ABER CNAT DMNV NOLQ ORSL
A8: 1961461 | B8: 15476-3 | C8: PAIXAO DEO LOCAO IRRES FLOR LIS 24X200ML | E8: 7830 | F8: 0 | G8: CX | H8: Z03 | I8: 46161 | J8: 46162 | K8: 0.27777778 | L8: 0.3474537 | N8: ABER CNAT DMNV NOLQ ORSL
A9: 1961464 | B9: 15476-3 | C9: PAIXAO DEO LOCAO IRRES FLOR LIS 24X200ML | E9: 7830 | F9: 0 | G9: CX | H9: Z03 | I9: 46162 | J9: 46163 | K9: 0.27777778 | L9: 0.3474537 | N9: ABER CNAT DMNV NOLQ ORSL
A10: 1961424 | B10: 15492-3 | C10: PAIXAO DEO OLEO INSP ROSAS BRAN 12X200ML | E10: 8232 | F10: 0 | G10: CX | H10: Z03 | I10: 46158 | J10: 46159 | K10: 0.27777778 | L10: 0.15726852 | N10: ABER CNAT DMNV NOLQ ORSL
A11: 1961427 | B11: 15493-3 | C11: PAIXAO DEO OLEO IRRES FLOR LIS 12X200ML | E11: 8232 | F11: 0 | G11: CX | H11: Z03 | I11: 46160 | J11: 46161 | K11: 0.27777778 | L11: 0.15726852 | N11: ABER CNAT DMNV NOLQ ORSL
A12: 1961415 | B12: 15496-3 | C12: PAIXAO DEO OLEO TENT AMEIXA RUB 12X200ML | E12: 8232 | F12: 0 | G12: CX | H12: Z03 | I12: 46155 | J12: 46156 | K12: 0.27777778 | L12: 0.15726852 | N12: ABER CNAT DMNV NOLQ ORSL
A13: 1961418 | B13: 15496-3 | C13: PAIXAO DEO OLEO TENT AMEIXA RUB 12X200ML | E13: 8232 | F13: 0 | G13: CX | H13: Z03 | I13: 46156 | J13: 46157 | K13: 0.27777778 | L13: 0.15726852 | N13: ABER CNAT DMNV NOLQ ORSL
A14: 1961421 | B14: 15496-3 | C14: PAIXAO DEO OLEO TENT AMEIXA RUB 12X200ML | E14: 8232 | F14: 0 | G14: CX | H14: Z03 | I14: 46157 | J14: 46158 | K14: 0.27777778 | L14: 0.15726852 | N14: ABER CNAT DMNV NOLQ ORSL
... A25: 1961447 | B25: 18000-4 | C25: PAIXAO DEO LOCAO IRRES FLOR LIS 12X400ML | E25: 7806 | F25: 0 | G25: CX | H25: Z03 | I25: 46170 | J25: 46171 | K25: 0.27777778 | L25: 0.27854167 | N25: ABER CNAT DMNV NOLQ ORSL
A26: 1962547 | B26: 19340-4 | C26: PAIXAO DEO LOCAO TENT AMEIXA RU 12X400ML | D26: 6127C1 | E26: 7806 | F26: 0 | G26: CX | H26: Z03 | I26: 46149 | J26: 46150 | K26: 0.27777778 | L26: 0.27854167 | N26: LIB MATF IMPR CAPC CPRE LOAT NOLQ ORSL
A27: 1961428 | B27: 19340-4 | C27: PAIXAO DEO LOCAO TENT AMEIXA RU 12X400ML | E27: 7806 | F27: 0 | G27: CX | H27: Z03 | I27: 46150 | J27: 46151 | K27: 0.27777778 | L27: 0.27854167 | N27: ABER CNAT DMNV NOLQ ORSL
A28: 1961430 | B28: 19340-4 | C28: PAIXAO DEO LOCAO TENT AMEIXA RU 12X400ML | E28: 7806 | F28: 0 | G28: CX | H28: Z03 | I28: 46151 | J28: 46153 | K28: 0.27777778 | L28: 0.27854167 | N28: ABER CNAT DMNV NOLQ ORSL
A29: 1961423 | B29: 19340-4 | C29: PAIXAO DEO LOCAO TENT AMEIXA RU 12X400ML | E29: 5854 | F29: 0 | G29: CX | H29: Z03 | I29: 46153 | J29: 46154 | K29: 0.27777778 | L29: 0.028287037 | N29: ABER CNAT DMNV NOLQ ORSL
A30: 1961457 | B30: 20462-1 | C30: PAIXAO DEO OLEO AVELA 24X100ML | E30: 4116 | F30: 0 | G30: CX | H30: Z03 | I30: 46170 | J30: 46171 | K30: 0.27777778 | L30: 0.24126157 | N30: ABER CNAT DMNV NOLQ ORSL
A31: 1961459 | B31: 20462-1 | C31: PAIXAO DEO OLEO AVELA 24X100ML | E31: 4116 | F31: 0 | G31: CX | H31: Z03 | I31: 46171 | J31: 46172 | K31: 0.27777778 | L31: 0.24126157 | N31: ABER CNAT DMNV NOLQ ORSL
A32: 1961433 | B32: 20464-1 | C32: PAIXAO DEO OLEO TENT AMEIXA RU 24X100ML | E32: 4116 | F32: 0 | G32: CX | H32: Z03 | I32: 46162 | J32: 46163 | K32: 0.27777778 | L32: 0.24396991 | N32: ABER CNAT DMNV NOLQ ORSL
A33: 1959885 | B33: 20464-1 | C33: PAIXAO DEO OLEO TENT AMEIXA RU 24X100ML | E33: 4116 | F33: 0 | G33: CX | H33: Z03 | I33: 46172 | J33: 46173 | K33: 0.27777778 | L33: 0.24396991 | N33: ABER CNAT DMNV NOLQ ORSL
A34: 1959886 | B34: 20464-1 | C34: PAIXAO DEO OLEO TENT AMEIXA RU 24X100ML | E34: 4116 | F34: 0 | G34: CX | H34: Z03 | I34: 46174 | J34: 46175 | K34: 0.27777778 | L34: 0.24396991 | N34: ABER CNAT DMNV NOLQ ORSL
A35: 1962314 | B35: 24040-2 | C35: MONANGE SH HIDRATACAO INTENS 12X325ML | E35: 9600 | F35: 0 | G35: CX | H35: Z03 | I35: 46172 | J35: 46173 | K35: 0.27777778 | L35: 0.047013889 | N35: ABER CNAT DMNV NOLQ ORSL
A36: 1961407 | B36: 24041-2 | C36: MONANGE SH LISOS BRILHANTES 12X325ML | E36: 9600 | F36: 0 | G36: CX | H36: Z03 | I36: 46170 | J36: 46171 | K36: 0.27777778 | L36: 0.047013889 | N36: ABER CNAT DMNV NOLQ ORSL
A37: 1961409 | B37: 24041-2 | C37: MONANGE SH LISOS BRILHANTES 12X325ML | E37: 9600 | F37: 0 | G37: CX | H37: Z03 | I37: 46171 | J37: 46172 | K37: 0.27777778 | L37: 0.047013889 | N37: ABER CNAT DMNV NOLQ ORSL
A38: 1961386 | B38: 24042-2 | C38: MONANGE SH CACHOS DEFINIDOS 12X325ML | D38: 6128C1 | E38: 9600 | F38: 0 | G38: CX | H38: Z03 | I38: 46151 | J38: 46152 | K38: 0.27777778 | L38: 0.047013889 | N38: LIB MATF IMPR CAPC CPRE LOAT NOLQ ORSL
A39: 1961387 | B39: 24042-2 | C39: MONANGE SH CACHOS DEFINIDOS 12X325ML | E39: 9600 | F39: 0 | G39: CX | H39: Z03 | I39: 46153 | J39: 46154 | K39: 0.27777778 | L39: 0.047013889 | N39: ABER CNAT DMNV NOLQ ORSL
A40: 1962532 | B40: 24043-2 | C40: MONANGE SH REPARACAO POS QUI 12X325ML | D40: 6126C2 | E40: 9600 | F40: 9399 | G40: CX | H40: Z03 | I40: 46149 | J40: 46150 | K40: 0.27777778 | L40: 0.047013889 | N40: LIB MATF IMPR CNPA CAPC CPRE FRNP LOAT*
A41: 1962552 | B41: 24043-2 | C41: MONANGE SH REPARACAO POS QUI 12X325ML | D41: 6127C2 | E41: 9600 | F41: 8260 | G41: CX | H41: Z03 | I41: 46150 | J41: 46151 | K41: 0.27777778 | L41: 0.047013889 | N41: LIB MATF IMPR CNPA CAPC CPRE FRNP LOAT*
A42: 1961774 | B42: 24043-3 | C42: MONANGE SH REPARACAO BIOCOLAG 12X325ML | E42: 2400 | F42: 0 | G42: CX | H42: Z10 | I42: 46172 | J42: 46172 | K42: 0.27777778 | L42: 0.41327546 | N42: ABER CNAT DMNV NOLQ ORSL
A43: 1961406 | B43: 24044-3 | C43: MONANGE SH ACD HIALU 12X325ML | E43: 9600 | F43: 0 | G43: CX | H43: Z03 | I43: 46168 | J43: 46168 | K43: 0.27777778 | L43: 0.81325231 | N43: ABER CNAT DMNV NOLQ ORSL
A44: 1961408 | B44: 24044-3 | C44: MONANGE SH ACD HIALU 12X325ML | E44: 9600 | F44: 0 | G44: CX | H44: Z03 | I44: 46169 | J44: 46169 | K44: 0.27777778 | L44: 0.81325231 | N44: ABER CNAT DMNV NOLQ ORSL
A45: 1961382 | B45: 24045-2 | C45: MONANGE SH BOOST DE CRESC 12X325ML | D45: 6124C2 | E45: 9600 | F45: 9474 | G45: CX | H45: Z03 | I45: 46147 | J45: 46148 | K45: 0.65111111 | L45: 0.38621528 | N45: ENTE MATF IMPR CNPA CAPC CPRE DMNV FRNP*
A46: 1961384 | B46: 24045-2 | C46: MONANGE SH BOOST DE CRESC 12X325ML | D46: 6125C1 | E46: 9600 | F46: 0 | G46: CX | H46: Z03 | I46: 46148 | J46: 46149 | K46: 0.27777778 | L46: 0.047013889 | N46: LIB MATF IMPR CAPC CPRE LOAT MOME NOLQ*
A47: 1961399 | B47: 24046-2 | C47: MONANGE SH DETOXTERAPIA 12X325ML | E47: 9600 | F47: 0 | G47: CX | H47: Z03 | I47: 46164 | J47: 46165 | K47: 0.27777778 | L47: 0.047013889 | N47: ABER CNAT DMNV NOLQ ORSL
A48: 1961403 | B48: 24046-2 | C48: MONANGE SH DETOXTERAPIA 12X325ML | E48: 9600 | F48: 0 | G48: CX | H48: Z03 | I48: 46165 | J48: 46166 | K48: 0.27777778 | L48: 0.047013889 | N48: ABER CNAT DMNV NOLQ ORSL
A49: 1961404 | B49: 24046-2 | C49: MONANGE SH DETOXTERAPIA 12X325ML | E49: 9600 | F49: 0 | G49: CX | H49: Z03 | I49: 46167 | J49: 46168 | K49: 0.27777778 | L49: 0.047013889 | N49: ABER CNAT DMNV NOLQ ORSL
A50: 1961405 | B50: 24046-2 | C50: MONANGE SH DETOXTERAPIA 12X325ML | E50: 9600 | F50: 0 | G50: CX | H50: Z03 | I50: 46168 | J50: 46169 | K50: 0.27777778 | L50: 0.047013889 | N50: ABER CNAT DMNV NOLQ ORSL
A51: 1961391 | B51: 24047-2 | C51: MONANGE COND HIDRATACAO INT 12X325ML | E51: 9940 | F51: 0 | G51: CX | H51: Z03 | I51: 46157 | J51: 46158 | K51: 0.27777778 | L51: 0.074247685 | N51: ABER CNAT DMNV NOLQ ORSL
A52: 1961392 | B52: 24047-2 | C52: MONANGE COND HIDRATACAO INT 12X325ML | E52: 9940 | F52: 0 | G52: CX | H52: Z03 | I52: 46157 | J52: 46158 | K52: 0.27777778 | L52: 0.074247685 | N52: ABER CNAT DMNV NOLQ ORSL
A53: 1961389 | B53: 24048-2 | C53: MONANGE COND LISOS BRILHANTES 12X325ML | E53: 9940 | F53: 0 | G53: CX | H53: Z03 | I53: 46155 | J53: 46156 | K53: 0.27777778 | L53: 0.074247685 | N53: ABER CNAT DMNV NOLQ ORSL
A54: 1961390 | B54: 24048-2 | C54: MONANGE COND LISOS BRILHANTES 12X325ML | E54: 9940 | F54: 0 | G54: CX | H54: Z03 | I54: 46156 | J54: 46157 | K54: 0.27777778 | L54: 0.074247685 | N54: ABER CNAT DMNV NOLQ ORSL
A55: 1961395 | B55: 24049-2 | C55: MONANGE COND CACHOS DEFINIDOS 12X325ML | E55: 9940 | F55: 0 | G55: CX | H55: Z03 | I55: 46161 | J55: 46162 | K55: 0.27777778 | L55: 0.074247685 | N55: ABER CNAT DMNV NOLQ ORSL
A56: 1961388 | B56: 24050-2 | C56: MONANGE COND REPARACAO POS Q 12X325ML | E56: 12425 | F56: 0 | G56: CX | H56: Z03 | I56: 46154 | J56: 46155 | K56: 0.27777778 | L56: 0.27336806 | N56: ABER CNAT DMNV NOLQ ORSL
A57: 1961775 | B57: 24050-3 | C57: MONANGE COND REPARACAO BIOCOLAG 12X325ML | E57: 2485 | F57: 0 | G57: CX | H57: Z10 | I57: 46172 | J57: 46172 | K57: 0.27777778 | L57: 0.4180787 | N57: ABER CNAT DMNV NOLQ ORSL
A58: 1961393 | B58: 24051-3 | C58: MONANGE COND ACD HIALU 12X325ML | E58: 9940 | F58: 0 | G58: CX | H58: Z03 | I58: 46158 | J58: 46158 | K58: 0.27777778 | L58: 0.83222222 | N58: ABER CNAT DMNV NOLQ ORSL
... A60: 1961396 | B60: 24053-2 | C60: MONANGE COND DETOXTERAPIA 12X325ML | E60: 9940 | F60: 0 | G60: CX | H60: Z03 | I60: 46162 | J60: 46163 | K60: 0.27777778 | L60: 0.074247685 | N60: ABER CNAT DMNV NOLQ ORSL
A61: 1960892 | B61: 24054-2 | C61: MONANGE CPP HIDRATACAO INTENS 12X300ML | D61: 6126C1 | E61: 5380 | F61: 5089 | G61: CX | H61: Z03 | I61: 46149 | J61: 46150 | K61: 0.27777778 | L61: 0.10802083 | N61: LIB MATF IMPR CNPA CAPC CPRE FRNP LOAT*
A62: 1960891 | B62: 24056-2 | C62: MONANGE CPP CACHOS DEFINIDOS 12X300ML | D62: 6124C1 | E62: 8070 | F62: 7755 | G62: CX | H62: Z03 | I62: 46147 | J62: 46148 | K62: 0.64583333 | L62: 0.8912037 | N62: LIB MATF IMPR CNPA CAPC CPRE DMNV FRNP*
A63: 1961366 | B63: 2463-6 | C63: LEITE COLONIA ORIGINAL BTX 24X200ML | D63: 6124C1 | E63: 2128 | F63: 2126 | G63: CX | H63: Z03 | I63: 46148 | J63: 46148 | K63: 0.40596065 | L63: 0.82799769 | N63: ENTE MATF IMPR CNPA CAPC CPRE DMNV FRNP*
A64: 1961367 | B64: 2463-6 | C64: LEITE COLONIA ORIGINAL BTX 24X200ML | D64: 6126C1 | E64: 2128 | F64: 2100 | G64: CX | H64: Z03 | I64: 46148 | J64: 46148 | K64: 0.27777778 | L64: 0.64266204 | N64: LIB MATF IMPR CNPA CAPC CPRE FRNP LOAT*
A65: 1961368 | B65: 2463-6 | C65: LEITE COLONIA ORIGINAL BTX 24X200ML | D65: 6127C1 | E65: 2128 | F65: 774 | G65: CX | H65: Z03 | I65: 46149 | J65: 46149 | K65: 0.27777778 | L65: 0.64266204 | N65: LIB MATF IMPR CNPA CAPC CPRE FRNP LOAT*
A66: 1961413 | B66: 25093-1 | C66: MONANGE SAB CFI LIQ FL LAV 24X240ML PR | D66: 6127C1 | E66: 6684 | F66: 0 | G66: CX | H66: Z03 | I66: 46149 | J66: 46150 | K66: 0.27777778 | L66: 0.50640046 | N66: LIB MATF IMPR CAPC CPRE LOAT MOME NOLQ*
A67: 1961416 | B67: 25093-1 | C67: MONANGE SAB CFI LIQ FL LAV 24X240ML PR | E67: 5013 | F67: 0 | G67: CX | H67: Z03 | I67: 46151 | J67: 46151 | K67: 0.27777778 | L67: 0.96486111 | N67: ABER CNAT DMNV NOLQ ORSL
A68: 1960857 | B68: 25095-1 | C68: MONANGE SAB CFI LIQ EXT OLIV24X240ML PR | D68: 6125C1 | E68: 6674 | F68: 6237 | G68: CX | H68: Z03 | I68: 46147 | J68: 46149 | K68: 0.90696759 | L68: 0.44385417 | N68: LIB MATF IMPR CNPA CAPC CPRE DMNV FRNP*
A69: 1960858 | B69: 25095-1 | C69: MONANGE SAB CFI LIQ EXT OLIV24X240ML PR | D69: 6126C1 | E69: 5005 | F69: 4831 | G69: CX | H69: Z03 | I69: 46148 | J69: 46148 | K69: 0.27777778 | L69: 0.96377315 | N69: LIB MATF IMPR CNPA CAPC CPRE FRNP LOAT*
A70: 1961451 | B70: 25101-0 | C70: PAIXAO DEO OLEO INSP ROSAS BRA 24X100ML | E70: 4116 | F70: 0 | G70: CX | H70: Z03 | I70: 46168 | J70: 46169 | K70: 0.27777778 | L70: 0.24396991 | N70: ABER CNAT DMNV NOLQ ORSL
A71: 1961454 | B71: 25101-0 | C71: PAIXAO DEO OLEO INSP ROSAS BRA 24X100ML | E71: 4116 | F71: 0 | G71: CX | H71: Z03 | I71: 46169 | J71: 46170 | K71: 0.27777778 | L71: 0.24396991 | N71: ABER CNAT DMNV NOLQ ORSL
A72: 1961446 | B72: 25102-0 | C72: PAIXAO DEO OLEO IRRES FLOR LIS 24X100ML | E72: 4116 | F72: 0 | G72: CX | H72: Z03 | I72: 46165 | J72: 46166 | K72: 0.27777778 | L72: 0.24396991 | N72: ABER CNAT DMNV NOLQ ORSL
A73: 1961448 | B73: 25102-0 | C73: PAIXAO DEO OLEO IRRES FLOR LIS 24X100ML | E73: 4116 | F73: 0 | G73: CX | H73: Z03 | I73: 46167 | J73: 46168 | K73: 0.27777778 | L73: 0.24396991 | N73: ABER CNAT DMNV NOLQ ORSL
A74: 1961441 | B74: 25103-0 | C74: PAIXAO DEO OLEO FRAMBOESA NEGR 24X100ML | E74: 4116 | F74: 0 | G74: CX | H74: Z03 | I74: 46163 | J74: 46164 | K74: 0.27777778 | L74: 0.24670139 | N74: ABER CNAT DMNV NOLQ ORSL
A75: 1961443 | B75: 25103-0 | C75: PAIXAO DEO OLEO FRAMBOESA NEGR 24X100ML | E75: 4116 | F75: 0 | G75: CX | H75: Z03 | I75: 46164 | J75: 46165 | K75: 0.27777778 | L75: 0.24670139 | N75: ABER CNAT DMNV NOLQ ORSL
A76: 1961468 | B76: 25103-0 | C76: PAIXAO DEO OLEO FRAMBOESA NEGR 24X100ML | E76: 4116 | F76: 0 | G76: CX | H76: Z03 | I76: 46175 | J76: 46176 | K76: 0.27777778 | L76: 0.24670139 | N76: ABER CNAT DMNV NOLQ ORSL
A77: 1961435 | B77: 25104-0 | C77: PAIXAO DEO OLEO FLOR BAUNILHA 24X100ML | D77: 6127C1 | E77: 4116 | F77: 0 | G77: CX | H77: Z03 | I77: 46150 | J77: 46151 | K77: 0.27777778 | L77: 0.24396991 | N77: LIB IMPR CAPC CPRE LOAT MOME MatC NOLQ*
A78: 1961438 | B78: 25104-0 | C78: PAIXAO DEO OLEO FLOR BAUNILHA 24X100ML | E78: 4116 | F78: 0 | G78: CX | H78: Z03 | I78: 46151 | J78: 46152 | K78: 0.27777778 | L78: 0.24396991 | N78: ABER CNAT DMNV NOLQ ORSL
A79: 1961462 | B79: 25104-0 | C79: PAIXAO DEO OLEO FLOR BAUNILHA 24X100ML | E79: 4116 | F79: 0 | G79: CX | H79: Z03 | I79: 46153 | J79: 46154 | K79: 0.27777778 | L79: 0.24396991 | N79: ABER CNAT DMNV NOLQ ORSL
A80: 1961465 | B80: 25104-0 | C80: PAIXAO DEO OLEO FLOR BAUNILHA 24X100ML | E80: 4116 | F80: 0 | G80: CX | H80: Z03 | I80: 46154 | J80: 46155 | K80: 0.27777778 | L80: 0.24396991 | N80: ABER CNAT DMNV NOLQ ORSL
A81: 1961417 | B81: 25107-0 | C81: PAIXAO DEO LOCAO FLOR BAUNILHA 24X200ML | E81: 7846 | F81: 0 | G81: CX | H81: Z03 | I81: 46154 | J81: 46155 | K81: 0.27777778 | L81: 0.47967593 | N81: ABER CNAT DMNV NOLQ ORSL
A82: 1961420 | B82: 25107-0 | C82: PAIXAO DEO LOCAO FLOR BAUNILHA 24X200ML | E82: 7846 | F82: 0 | G82: CX | H82: Z03 | I82: 46155 | J82: 46156 | K82: 0.27777778 | L82: 0.47967593 | N82: ABER CNAT DMNV NOLQ ORSL
A83: 1961400 | B83: 26288-0 | C83: BOZZANO SHAMPOO ANTICASPA 12X200ML | E83: 7800 | F83: 0 | G83: CX | H83: Z03 | I83: 46164 | J83: 46164 | K83: 0.27777778 | L83: 0.90277778 | N83: ABER CNAT DMNV NOLQ ORSL
A84: 1961398 | B84: 26289-0 | C84: BOZZANO SHAMPOO ANTICASPA 12X325ML | E84: 7200 | F84: 0 | G84: CX | H84: Z03 | I84: 46163 | J84: 46163 | K84: 0.27777778 | L84: 0.85469907 | N84: ABER CNAT DMNV NOLQ ORSL
A85: 1961402 | B85: 26289-0 | C85: BOZZANO SHAMPOO ANTICASPA 12X325ML | E85: 4800 | F85: 0 | G85: CX | H85: Z03 | I85: 46163 | J85: 46163 | K85: 0.27777778 | L85: 0.66239583 | N85: ABER CNAT DMNV NOLQ ORSL
A86: 1961401 | B86: 26290-0 | C86: BOZZANO SHAMPOO ANTIQUEDA 12X200ML | E86: 3900 | F86: 0 | G86: CX | H86: Z03 | I86: 46164 | J86: 46164 | K86: 0.27777778 | L86: 0.59027778 | N86: ABER CNAT DMNV NOLQ ORSL
A87: 1961397 | B87: 26291-0 | C87: BOZZANO SHAMPOO ANTIQUEDA 12X325ML | E87: 2400 | F87: 0 | G87: CX | H87: Z03 | I87: 46162 | J87: 46162 | K87: 0.27777778 | L87: 0.47008102 | N87: ABER CNAT DMNV NOLQ ORSL
A88: 1961419 | B88: 26565-1 | C88: MONANGE DEO CORP HIDR FL LAV 24X200ML PT | E88: 7996 | F88: 0 | G88: CX | H88: Z03 | I88: 46153 | J88: 46154 | K88: 0.27777778 | L88: 0.70083333 | N88: ABER CNAT DMNV NOLQ ORSL
A89: 1961422 | B89: 26565-1 | C89: MONANGE DEO CORP HIDR FL LAV 24X200ML PT | E89: 7996 | F89: 0 | G89: CX | H89: Z03 | I89: 46154 | J89: 46155 | K89: 0.27777778 | L89: 0.70083333 | N89: ABER CNAT DMNV NOLQ ORSL
... A103: 1958941 | B103: 467279 | C103: SA MONANGE SAB INT FRESCOR KIT | E103: 19214 | F103: 0 | G103: UN | H103: Z03 | I103: 46153 | J103: 46153 | K103: 0.27777778 | L103: 0.61331019 | N103: ABER CNAT DMNV NOLQ ORSL

Sheet RUN STRATEGY E PET X PAD
A1: Linha 10 - Condicionador | B1: 4 bulks
A2: Linha 10 - Shampoo | B2: 8 bulks
A3: Linha 12 | B3: 8 bulks
A4: Linha 13 | B4: 8 bulks
A5: SKUs com demanda menor, programar para 60 dias DOH
A6: Quando as linhas ficam somente 1 turno, a premissa é ficar pelo menos 2 dias com cada versão na linha
A10: PET (O MESMO FRASCO QUE VAI NO ÓLEO VAI NO HIDRATANTE NA L12):
A11: CACAU E PIMENTA
A12: BRIDGERTON
A13: FLOR DE BAUNILHA

Sheet Análise Gél
E6: 46139 | F6: =E6+1 -> 46140 | G6: =F6+1 -> 46141 | H6: =G6+1 -> 46142 | I6: =H6+1 -> 46143 | J6: =I6+1 -> 46144
E7: Seg | F7: Ter | G7: Qua | H7: Qui | I7: Sex | J7: Sáb | K7: Total Capacidade | L7: Total Ordens | M7: Sobra de Capacidade
F8: 0 | G8: 68000 | H8: =28000*2 -> 56000 | I8: 0 | J8: 0 | K8: =SUM(E8:J8) -> 124000 | L8: 133402 | M8: =K8-L8 -> -9402

Sheet MASTERDATA
A1: CODE | B1: DESCRIPTION | C1: UN | D1: PLANNER | E1: CATEGORY | F1: SALES SUB - CATEGORY | G1: SUB-CATEGORY | H1: LINE PRODUCTION | I1: LINHA RCCP | J1: SAFETY DAYS TOTAL | K1: CONV | L1: PLANO AGOSTO | M1: PRODUZIDO
A2: 10992-2 | B2: AVANCO DES SPRAY ACTION 12X85ML NVE | C2: CX | D2: Z03 | E2: DES SPRAY | F2: DESODORANTE | G2: AVANÇO | H2: L07 - ENV DESODORANTE SPRAY | I2: DESODORANTE_SPRAY | J2: 44 | K2: 12 | L2: 21132
A3: 771-5 | B3: AVANCO DES SPRAY ORIGINAL 12X85ML NVE | C3: CX | D3: Z03 | E3: DES SPRAY | F3: DESODORANTE | G3: AVANÇO | H3: L07 - ENV DESODORANTE SPRAY | I3: DESODORANTE_SPRAY | J3: 44 | K3: 12 | L3: 0
A4: 20279-0 | B4: BITUFO GD COCORICO C/F TUTI FRUTTI 90G | C4: CX | D4: Z08 | E4: CREME/GEL DENTAL | F4: ORAL CARE | G4: TRADICIONAL | H4: L35 - ENV CREME/GEL DENTAL BISN | I4: CD_GD_90G | J4: 15 | K4: 1 | L4: 0
A5: 20277-0 | B5: BITUFO GD COCORICO S/F MORANGO 90G | C5: CX | D5: Z08 | E5: CREME/GEL DENTAL | F5: ORAL CARE | G5: TRADICIONAL | H5: L35 - ENV CREME/GEL DENTAL BISN | I5: CD_GD_90G | J5: 22 | K5: 1 | L5: 0
A6: 20278-0 | B6: BITUFO GD COCORICO S/F TUTI FRUTTI 90G | C6: CX | D6: Z08 | E6: CREME/GEL DENTAL | F6: ORAL CARE | G6: TRADICIONAL | H6: L35 - ENV CREME/GEL DENTAL BISN | I6: CD_GD_90G | J6: 22 | K6: 1 | L6: 0
A7: 16768-5 | B7: BITUFO GD C FLUOR T FRUTI L TUNES 90G DL | C7: CX | D7: Z08 | E7: CREME/GEL DENTAL | F7: ORAL CARE | G7: TRADICIONAL | H7: L35 - ENV CREME/GEL DENTAL BISN | I7: CD_GD_90G | J7: 66 | K7: 1 | L7: 0
A8: 17297-2 | B8: BOZZANO BALSAMO POS HIDRAT 12X100G CIN | C8: CX | D8: Z08 | E8: BARBA BOZZANO | F8: PRÉ/PÓS BARBA | G8: BALSAMO POS BARBA BOZZANO | H8: L23 - ENV MANUAL ROT | I8: BARBA BOZZANO 100G | J8: 15 | K8: 12 | L8: 0
A9: 17298-2 | B9: BOZZANO BALSAMO POS PEL SENS 12X100G CIN | C9: CX | D9: Z08 | E9: BARBA BOZZANO | F9: PRÉ/PÓS BARBA | G9: BALSAMO POS BARBA BOZZANO | H9: L23 - ENV MANUAL ROT | I9: BARBA BOZZANO 100G | J9: 22 | K9: 12 | L9: 0
A10: 17299-2 | B10: BOZZANO GEL POS BARBA REFRES 12X100G CIN | C10: CX | D10: Z08 | E10: BARBA BOZZANO | F10: PRÉ/PÓS BARBA | G10: GEL POS BARBA BOZZANO | H10: L23 - ENV MANUAL ROT | I10: BARBA BOZZANO 100G | J10: 15 | K10: 12 | L10: 0
A11: 23473-1 | B11: BOZZANO GEL COND FAT2 BM 6X300G | C11: CX | D11: Z03 | E11: GEL MODELADOR BOZZANO | F11: MODELADOR DE CABELO | G11: BOZZANO 300G | H11: L08 - ENV GEL BOCA LARGA | I11: GEL_B.LARGA | J11: 44 | K11: 6 | L11: 0
A12: 23474-1 | B12: BOZZANO GEL COND FAT3 PROT SOLAR 6X300G | C12: CX | D12: Z03 | E12: GEL MODELADOR BOZZANO | F12: MODELADOR DE CABELO | G12: BOZZANO 300G | H12: L08 - ENV GEL BOCA LARGA | I12: GEL_B.LARGA | J12: 44 | K12: 6 | L12: 0
A13: 23475-1 | B13: BOZZANO GEL COND FAT4 6X300G | C13: CX | D13: Z03 | E13: GEL MODELADOR BOZZANO | F13: MODELADOR DE CABELO | G13: BOZZANO 300G | H13: L08 - ENV GEL BOCA LARGA | I13: GEL_B.LARGA | J13: 44 | K13: 6 | L13: 109440
... A170: 2475-6 | B170: LEITE COLONIA TOQUE C 24X200ML | C170: CX | D170: Z03 | E170: LEITE DE COLONIA | F170: CORPO | G170: LEITE DE COLONIA | H170: L06 - ENV LEITE COLONIA | I170: LEITE_COLONIA_200 | J170: 44 | K170: 24 | L170: 0
