Workbook

Sheet Lineares
A2: Linha 22 - LOÇÃO PÓS BARBA | R2: =A2 -> Linha 22 - LOÇÃO PÓS BARBA
A3: LINHA | B3: ORDEM | C3: Lote SA | D3: QTD (KG) | E3: PROGRAMADO | F3: REALIZADO | G3: CÓDIGO | H3: DESCRIÇÃO S.A | I3: DATA CONGELADA | J3: DATA ATUALIZADA | K3: TB | L3: TC | M3: TA | N3: DATA SAP | O3: STATUS | R3: CÓDIGO | S3: DESCRIÇÃO P.A | T3: ORDEM | U3: QTD (CX/UND) | V3: REALIZADO | W3: QTD (CX) | X3: QTD SAP | Y3: DATA SAP | Z3: UNIDADES
J4: 46143 | AE4: =VLOOKUP(B4,COHVPI!A:N,14,0) -> #N/A | AH4: =VLOOKUP(B4,COHVPI!A:E,5,0) -> #N/A | AI4: =AH4-D4 -> #N/A
AE5: =VLOOKUP(B5,COHVPI!A:N,14,0) -> #N/A | AH5: =VLOOKUP(B5,COHVPI!A:E,5,0) -> #N/A | AI5: =AH5-D5 -> #N/A
A6: Linha 23 - BÁLSAMO / GEL PÓS BARBA | R6: =A6 -> Linha 23 - BÁLSAMO / GEL PÓS BARBA | AE6: =VLOOKUP(B6,COHVPI!A:N,14,0) -> #N/A | AH6: =VLOOKUP(B6,COHVPI!A:E,5,0) -> #N/A | AI6: =AH6-D6 -> #N/A
A7: LINHA | B7: ORDEM | C7: Lote SA | D7: QTD (KG) | E7: PROGRAMADO | F7: REALIZADO | G7: CÓDIGO | H7: DESCRIÇÃO S.A | I7: DATA CONGELADA | J7: DATA ATUALIZADA | K7: TB | L7: TC | M7: TA | N7: DATA SAP | O7: STATUS | R7: CÓDIGO | S7: DESCRIÇÃO P.A | T7: ORDEM | U7: QTD (CX/UND) | V7: REALIZADO | W7: QTD (CX) | X7: QTD SAP | Y7: DATA SAP | Z7: UNIDADES | AE7: =VLOOKUP(B7,COHVPI!A:N,14,0) -> Status do sistema | AH7: =VLOOKUP(B7,COHVPI!A:E,5,0) -> Quantidade da ordem (GMEIN) | AI7: =AH7-D7 -> #VALUE!
J8: 46147 | AE8: =VLOOKUP(B8,COHVPI!A:N,14,0) -> #N/A | AH8: =VLOOKUP(B8,COHVPI!A:E,5,0) -> #N/A | AI8: =AH8-D8 -> #N/A
AE9: =VLOOKUP(B9,COHVPI!A:N,14,0) -> #N/A | AH9: =VLOOKUP(B9,COHVPI!A:E,5,0) -> #N/A | AI9: =AH9-D9 -> #N/A
A10: Linha 24 - C&B / CPP | R10: =A10 -> Linha 24 - C&B / CPP | AE10: =VLOOKUP(B10,COHVPI!A:N,14,0) -> #N/A | AH10: =VLOOKUP(B10,COHVPI!A:E,5,0) -> #N/A | AI10: =AH10-D10 -> #N/A
A11: LINHA | B11: ORDEM | C11: Lote SA | D11: QTD (KG) | E11: PROGRAMADO | F11: REALIZADO | G11: CÓDIGO | H11: DESCRIÇÃO S.A | I11: DATA CONGELADA | J11: DATA ATUALIZADA | K11: TB | L11: TC | M11: TA | N11: DATA SAP | O11: STATUS | R11: CÓDIGO | S11: DESCRIÇÃO P.A | T11: ORDEM | U11: QTD (CX/UND) | V11: REALIZADO | W11: QTD (CX) | X11: QTD SAP | Y11: DATA SAP | Z11: UNIDADES | AE11: =VLOOKUP(B11,COHVPI!A:N,14,0) -> Status do sistema | AH11: =VLOOKUP(B11,COHVPI!A:E,5,0) -> Quantidade da ordem (GMEIN) | AI11: =AH11-D11 -> #VALUE!
A12: 24 | B12: 1965365 | C12: T26F0058 | D12: 4000 | G12: 426837 | H12: SA C&B OLEO BRONZEADOR FPS6 | J12: 10/06 A 11/06 | O12: TESTE USANDO O REATOR 1300 | R12: 27538-0 | S12: C&B OLEO BRONZ SPR FPS6 12X110ML OMK | T12: 1965363 | U12: =Z12/12 -> 3389 | Z12: 40668 | AE12: =VLOOKUP(B12,COHVPI!A:N,14,0) -> LIB IMPR CNPA FORN CAPC CPRE LOAT MOME* | AH12: =VLOOKUP(B12,COHVPI!A:E,5,0) -> 4000 | AI12: =AH12-D12 -> 0
J13: 46155 | AE13: =VLOOKUP(B13,COHVPI!A:N,14,0) -> #N/A | AH13: =VLOOKUP(B13,COHVPI!A:E,5,0) -> #N/A | AI13: =AH13-D13 -> #N/A
AE14: =VLOOKUP(B14,COHVPI!A:N,14,0) -> #N/A | AH14: =VLOOKUP(B14,COHVPI!A:E,5,0) -> #N/A | AI14: =AH14-D14 -> #N/A
A15: Linha 26 - SOLUÇÃO PARA CREME DE BARBEAR | AE15: =VLOOKUP(B15,COHVPI!A:N,14,0) -> #N/A | AH15: =VLOOKUP(B15,COHVPI!A:E,5,0) -> #N/A | AI15: =AH15-D15 -> #N/A
A16: LINHA | B16: ORDEM | C16: Lote SA | D16: QTD (KG) | E16: PROGRAMADO | F16: REALIZADO | G16: CÓDIGO | H16: DESCRIÇÃO S.A | I16: DATA CONGELADA | J16: DATA ATUALIZADA | K16: TB | L16: TC | M16: TA | N16: DATA SAP | O16: STATUS | AE16: =VLOOKUP(B16,COHVPI!A:N,14,0) -> Status do sistema | AH16: =VLOOKUP(B16,COHVPI!A:E,5,0) -> Quantidade da ordem (GMEIN) | AI16: =AH16-D16 -> #VALUE!
A17: SOLUÇÃO HIDROXIDO SODIO 36% | AE17: =VLOOKUP(B17,COHVPI!A:N,14,0) -> #N/A | AH17: =VLOOKUP(B17,COHVPI!A:E,5,0) -> #N/A | AI17: =AH17-D17 -> #N/A
A18: 26 | B18: 1963990 | C18: T26E1178 | D18: 9 | E18: =_xlfn.XLOOKUP(B18,COHVPI!A:A,COHVPI!E:E,0,0,1) -> 0 | F18: =_xlfn.XLOOKUP(B18,COHVPI!A:A,COHVPI!F:F) -> #N/A | G18: 414180 | H18: SA SOLUCAO HIDROXIDO SODIO 36% | I18: - | J18: - | N18: =_xlfn.XLOOKUP(B18,COHVPI!A:A,COHVPI!I:I) -> #N/A | O18: - | AE18: =VLOOKUP(B18,COHVPI!A:N,14,0) -> #N/A | AH18: =VLOOKUP(B18,COHVPI!A:E,5,0) -> #N/A | AI18: =AH18-D18 -> #N/A
A19: 26 | B19: 1963991 | C19: T26E1179 | D19: 9 | E19: =_xlfn.XLOOKUP(B19,COHVPI!A:A,COHVPI!E:E,0,0,1) -> 9 | F19: =_xlfn.XLOOKUP(B19,COHVPI!A:A,COHVPI!F:F) -> 9 | G19: 414180 | H19: SA SOLUCAO HIDROXIDO SODIO 36% | I19: - | J19: - | N19: =_xlfn.XLOOKUP(B19,COHVPI!A:A,COHVPI!I:I) -> 46182 | O19: - | AE19: =VLOOKUP(B19,COHVPI!A:N,14,0) -> LIB IMPR CNPA FORN CAPC CPRE DMNV LOAT* | AH19: =VLOOKUP(B19,COHVPI!A:E,5,0) -> 9 | AI19: =AH19-D19 -> 0
A20: 26 | B20: 1963992 | C20: T26E1180 | D20: 9 | E20: =_xlfn.XLOOKUP(B20,COHVPI!A:A,COHVPI!E:E,0,0,1) -> 9 | F20: =_xlfn.XLOOKUP(B20,COHVPI!A:A,COHVPI!F:F) -> 0 | G20: 414180 | H20: SA SOLUCAO HIDROXIDO SODIO 36% | I20: - | J20: - | N20: =_xlfn.XLOOKUP(B20,COHVPI!A:A,COHVPI!I:I) -> 46182 | O20: - | AE20: =VLOOKUP(B20,COHVPI!A:N,14,0) -> LIB IMPR CAPC CPRE DMNV LOAT MOME NOLQ* | AH20: =VLOOKUP(B20,COHVPI!A:E,5,0) -> 9 | AI20: =AH20-D20 -> 0
AE21: =VLOOKUP(B21,COHVPI!A:N,14,0) -> #N/A | AH21: =VLOOKUP(B21,COHVPI!A:E,5,0) -> #N/A | AI21: =AH21-D21 -> #N/A
AE22: =VLOOKUP(B22,COHVPI!A:N,14,0) -> #N/A | AH22: =VLOOKUP(B22,COHVPI!A:E,5,0) -> #N/A | AI22: =AH22-D22 -> #N/A
A23: SOLUÇÃO HIDROXIDO POTASSIO 37% | AE23: =VLOOKUP(B23,COHVPI!A:N,14,0) -> #N/A | AH23: =VLOOKUP(B23,COHVPI!A:E,5,0) -> #N/A | AI23: =AH23-D23 -> #N/A
A24: 26 | B24: 1963973 | C24: T26E1161 | D24: 440 | E24: =_xlfn.XLOOKUP(A24,COHVPI!#REF!,COHVPI!E:E) -> #REF! | F24: =_xlfn.XLOOKUP(B24,COHVPI!A:A,COHVPI!F:F) -> #N/A | G24: 414179 | H24: SA SOLUCAO HIDROXIDO POTASSIO 37% | I24: - | J24: - | N24: =_xlfn.XLOOKUP(B24,COHVPI!A:A,COHVPI!I:I) -> #N/A | O24: - | AE24: =VLOOKUP(B24,COHVPI!A:N,14,0) -> #N/A | AH24: =VLOOKUP(B24,COHVPI!A:E,5,0) -> #N/A | AI24: =AH24-D24 -> #N/A
A25: 26 | B25: 1963974 | C25: T26E1162 | D25: 440 | E25: =_xlfn.XLOOKUP(A25,COHVPI!#REF!,COHVPI!E:E) -> #REF! | F25: =_xlfn.XLOOKUP(B25,COHVPI!A:A,COHVPI!F:F) -> 440 | G25: 414179 | H25: SA SOLUCAO HIDROXIDO POTASSIO 37% | I25: - | J25: - | N25: =_xlfn.XLOOKUP(B25,COHVPI!A:A,COHVPI!I:I) -> 46182 | O25: - | AE25: =VLOOKUP(B25,COHVPI!A:N,14,0) -> LIB IMPR CNPA FORN CAPC CPRE DMNV LOAT* | AH25: =VLOOKUP(B25,COHVPI!A:E,5,0) -> 440 | AI25: =AH25-D25 -> 0
A26: 26 | B26: 1963975 | C26: T26E1163 | D26: 440 | E26: =_xlfn.XLOOKUP(A26,COHVPI!#REF!,COHVPI!E:E) -> #REF! | F26: =_xlfn.XLOOKUP(B26,COHVPI!A:A,COHVPI!F:F) -> 0 | G26: 414179 | H26: SA SOLUCAO HIDROXIDO POTASSIO 37% | I26: - | J26: - | N26: =_xlfn.XLOOKUP(B26,COHVPI!A:A,COHVPI!I:I) -> 46182 | O26: - | AE26: =VLOOKUP(B26,COHVPI!A:N,14,0) -> LIB IMPR CAPC CPRE DMNV LOAT MOME NOLQ* | AH26: =VLOOKUP(B26,COHVPI!A:E,5,0) -> 440 | AI26: =AH26-D26 -> 0
AE27: =VLOOKUP(B27,COHVPI!A:N,14,0) -> #N/A | AH27: =VLOOKUP(B27,COHVPI!A:E,5,0) -> #N/A | AI27: =AH27-D27 -> #N/A
AE28: =VLOOKUP(B28,COHVPI!A:N,14,0) -> #N/A | AH28: =VLOOKUP(B28,COHVPI!A:E,5,0) -> #N/A | AI28: =AH28-D28 -> #N/A
A29: Linha 26 - CREME DE BARBEAR | R29: =A29 -> Linha 26 - CREME DE BARBEAR | AE29: =VLOOKUP(B29,COHVPI!A:N,14,0) -> #N/A | AH29: =VLOOKUP(B29,COHVPI!A:E,5,0) -> #N/A | AI29: =AH29-D29 -> #N/A
A30: LINHA | B30: ORDEM | C30: Lote SA | D30: QTD (KG) | E30: PROGRAMADO | F30: REALIZADO | G30: CÓDIGO | H30: DESCRIÇÃO S.A | I30: DATA CONGELADA | J30: DATA ATUALIZADA | K30: TB | L30: TC | M30: TA | N30: DATA SAP | O30: STATUS | R30: CÓDIGO | S30: DESCRIÇÃO P.A | T30: ORDEM | U30: QTD (CX) | V30: REALIZADO | W30: QTD (CX) | X30: QTD SAP | Y30: DATA SAP | Z30: QTD (UN) | AE30: =VLOOKUP(B30,COHVPI!A:N,14,0) -> Status do sistema | AH30: =VLOOKUP(B30,COHVPI!A:E,5,0) -> Quantidade da ordem (GMEIN) | AI30: =AH30-D30 -> #VALUE!
A31: 26 | B31: 1963963 | C31: T26E1155 | D31: 2300 | G31: 465764 | H31: SA BOZZANO CR BARB PELE SENS COMF REP V1 | I31: 46182 | J31: 46182 | O31: - | R31: 8490-5 | S31: BOZZANO CR BARBEAR PELE SENS 24X65G | T31: 1963925 | U31: =Z31/24 -> 1452 | V31: =_xlfn.XLOOKUP(T31,COHVPI!A:A,COHVPI!F:F) -> #N/A | W31: =Z31/24 -> 1452 | Y31: =_xlfn.XLOOKUP(Q31,COHVPI!#REF!,COHVPI!F:F) -> #REF! | Z31: 34848 | AE31: =VLOOKUP(B31,COHVPI!A:N,14,0) -> #N/A | AH31: =VLOOKUP(B31,COHVPI!A:E,5,0) -> #N/A | AI31: =AH31-D31 -> #N/A
A32: 26 | B32: 1963964 | C32: T26E1156 | D32: 2300 | G32: 465764 | H32: SA BOZZANO CR BARB PELE SENS COMF REP V1 | I32: 46182 | J32: 09/06 A 11/06 | O32: - | R32: 8490-5 | S32: BOZZANO CR BARBEAR PELE SENS 24X65G | T32: 1963926 | U32: =Z32/24 -> 1452 | V32: =_xlfn.XLOOKUP(T32,COHVPI!A:A,COHVPI!F:F) -> #N/A | W32: =Z32/24 -> 1452 | Y32: =_xlfn.XLOOKUP(Q32,COHVPI!#REF!,COHVPI!F:F) -> #REF! | Z32: 34848 | AE32: =VLOOKUP(B32,COHVPI!A:N,14,0) -> #N/A | AH32: =VLOOKUP(B32,COHVPI!A:E,5,0) -> #N/A | AI32: =AH32-D32 -> #N/A
A33: 26 | B33: 1963965 | C33: T26E1157 | D33: 2300 | G33: 465764 | H33: SA BOZZANO CR BARB PELE SENS COMF REP V1 | J33: 11/06 A 13/06 | O33: - | R33: 8490-5 | S33: BOZZANO CR BARBEAR PELE SENS 24X65G | T33: 1963928 | U33: =Z33/24 -> 1452 | V33: =_xlfn.XLOOKUP(T33,COHVPI!A:A,COHVPI!F:F) -> #N/A | W33: =Z33/24 -> 1452 | Y33: =_xlfn.XLOOKUP(Q33,COHVPI!#REF!,COHVPI!F:F) -> #REF! | Z33: 34848 | AE33: =VLOOKUP(B33,COHVPI!A:N,14,0) -> #N/A | AH33: =VLOOKUP(B33,COHVPI!A:E,5,0) -> #N/A | AI33: =AH33-D33 -> #N/A
AE34: =VLOOKUP(B34,COHVPI!A:N,14,0) -> #N/A | AH34: =VLOOKUP(B34,COHVPI!A:E,5,0) -> #N/A | AI34: =AH34-D34 -> #N/A
AE35: =VLOOKUP(B35,COHVPI!A:N,14,0) -> #N/A | AH35: =VLOOKUP(B35,COHVPI!A:E,5,0) -> #N/A | AI35: =AH35-D35 -> #N/A
A36: Linha 27 - BISNAGAS | R36: =A36 -> Linha 27 - BISNAGAS | AE36: =VLOOKUP(B36,COHVPI!A:N,14,0) -> #N/A | AH36: =VLOOKUP(B36,COHVPI!A:E,5,0) -> #N/A | AI36: =AH36-D36 -> #N/A
A37: LINHA | B37: ORDEM | C37: Lote SA | D37: QTD (KG) | E37: PROGRAMADO | F37: REALIZADO | G37: CÓDIGO | H37: DESCRIÇÃO S.A | I37: DATA CONGELADA | J37: DATA ATUALIZADA | K37: TB | L37: TC | M37: TA | N37: DATA SAP | O37: STATUS | R37: CÓDIGO | S37: DESCRIÇÃO P.A | T37: ORDEM | U37: QTD (CX) | V37: REALIZADO | W37: QTD (CX) | X37: QTD SAP | Y37: DATA SAP | Z37: QTD (UN) | AE37: =VLOOKUP(B37,COHVPI!A:N,14,0) -> Status do sistema | AH37: =VLOOKUP(B37,COHVPI!A:E,5,0) -> Quantidade da ordem (GMEIN) | AI37: =AH37-D37 -> #VALUE!
A38: 27 | B38: 1963909 | C38: T26E1132 | D38: 6000 | G38: 468177 | H38: SA MONANGE GEL LIMPEZA FACIAL PL SECA | I38: 46177 | J38: 04/06 A 08/06 | O38: - | R38: 26821-1 | S38: MONANGE FAC GEL LIMP GELTIL 6X120G CR | T38: 1963908 | U38: =Z38/6 -> 8333 | V38: =_xlfn.XLOOKUP(T38,COHVPI!A:A,COHVPI!F:F) -> 5880 | W38: =Z38/6 -> 8333 | Y38: =_xlfn.XLOOKUP(Q38,COHVPI!#REF!,COHVPI!F:F) -> #REF! | Z38: 49998 | AE38: =VLOOKUP(B38,COHVPI!A:N,14,0) -> #N/A | AH38: =VLOOKUP(B38,COHVPI!A:E,5,0) -> #N/A | AI38: =AH38-D38 -> #N/A
H39: MOD PARA A L24 | S39: MOD PARA A L24 | V39: =_xlfn.XLOOKUP(T39,COHVPI!A:A,COHVPI!F:F) -> 0 | AD39: =VLOOKUP(B39,[1]COHVPI!A:N,14,0) -> #N/A | AE39: =VLOOKUP(B39,COHVPI!A:N,14,0) -> #N/A | AH39: =VLOOKUP(B39,COHVPI!A:E,5,0) -> #N/A | AI39: =AH39-D39 -> #N/A | AJ39: =AI39-#REF! -> #N/A
AE40: =VLOOKUP(B40,COHVPI!A:N,14,0) -> #N/A | AH40: =VLOOKUP(B40,COHVPI!A:E,5,0) -> #N/A | AI40: =AH40-D40 -> #N/A
AE41: =VLOOKUP(B41,COHVPI!A:N,14,0) -> #N/A | AH41: =VLOOKUP(B41,COHVPI!A:E,5,0) -> #N/A | AI41: =AH41-D41 -> #N/A
A42: Linha 35 - GEL DENTAL | R42: Linha 35 - GEL DENTAL | AE42: =VLOOKUP(B42,COHVPI!A:N,14,0) -> #N/A | AH42: =VLOOKUP(B42,COHVPI!A:E,5,0) -> #N/A | AI42: =AH42-D42 -> #N/A
A43: LINHA | B43: ORDEM | C43: Lote SA | D43: QTD (KG) | E43: PROGRAMADO | F43: REALIZADO | G43: CÓDIGO | H43: DESCRIÇÃO S.A | I43: DATA CONGELADA | J43: DATA ATUALIZADA | K43: TB | L43: TC | M43: TA | N43: DATA SAP | O43: STATUS | R43: CÓDIGO | S43: DESCRIÇÃO P.A | T43: ORDEM | U43: QTD (CX/UND) | V43: REALIZADO | W43: QTD (CX) | X43: QTD SAP | Y43: DATA SAP | Z43: QTD (UN) | AE43: =VLOOKUP(B43,COHVPI!A:N,14,0) -> Status do sistema | AH43: =VLOOKUP(B43,COHVPI!A:E,5,0) -> Quantidade da ordem (GMEIN) | AI43: =AH43-D43 -> #VALUE!
AE44: =VLOOKUP(B44,COHVPI!A:N,14,0) -> #N/A | AH44: =VLOOKUP(B44,COHVPI!A:E,5,0) -> #N/A | AI44: =AH44-D44 -> #N/A
AE45: =VLOOKUP(B45,COHVPI!A:N,14,0) -> #N/A | AH45: =VLOOKUP(B45,COHVPI!A:E,5,0) -> #N/A | AI45: =AH45-D45 -> #N/A
A46: Linha 59 - SABONETE LÍQUIDO POUCH | R46: =A46 -> Linha 59 - SABONETE LÍQUIDO POUCH | AE46: =VLOOKUP(B46,COHVPI!A:N,14,0) -> #N/A | AH46: =VLOOKUP(B46,COHVPI!A:E,5,0) -> #N/A | AI46: =AH46-D46 -> #N/A
A47: LINHA | B47: ORDEM | C47: Lote SA | D47: QTD (KG) | E47: PROGRAMADO | F47: REALIZADO | G47: CÓDIGO | H47: DESCRIÇÃO S.A | I47: DATA CONGELADA | J47: DATA ATUALIZADA | K47: TB | L47: TC | M47: TA | N47: DATA SAP | O47: STATUS | R47: CÓDIGO | S47: DESCRIÇÃO P.A | T47: ORDEM | U47: QTD (CX/UND) | V47: REALIZADO | W47: QTD (CX) | X47: QTD SAP | Y47: DATA SAP | Z47: QTD (UN) | AE47: =VLOOKUP(B47,COHVPI!A:N,14,0) -> #N/A | AH47: =VLOOKUP(B47,COHVPI!A:E,5,0) -> #N/A | AI47: =AH47-D47 -> #N/A
A48: 59 | B48: 1963303 | C48: T26E0806 | D48: 5000 | E48: =_xlfn.XLOOKUP(A48,COHVPI!#REF!,COHVPI!E:E) -> #REF! | F48: =_xlfn.XLOOKUP(B48,COHVPI!A:A,COHVPI!F:F) -> 5000 | G48: 460888 | H48: SA MONANGE SABONETE LIQ FLOR DE LAVANDA | I48: 46178 | J48: 46178 | O48: - | R48: 26029-1 | S48: MONANGE SAB CFI LIQ REF FL LAV06X400MLPR | T48: 1963291 | U48: =Z48/6 -> 2017 | V48: =_xlfn.XLOOKUP(T48,COHVPI!A:A,COHVPI!F:F) -> 1900 | W48: =Z48/6 -> 2017 | Y48: =_xlfn.XLOOKUP(Q48,COHVPI!#REF!,COHVPI!F:F) -> #REF! | Z48: 12102 | AE48: =VLOOKUP(B48,COHVPI!A:N,14,0) -> LIB IMPR CNPA FORN CAPC CANC CPRE DMNV* | AH48: =VLOOKUP(B48,COHVPI!A:E,5,0) -> 5000 | AI48: =AH48-D48 -> 0
A49: 59 | B49: 1963304 | C49: T26E0807 | D49: 5000 | E49: =_xlfn.XLOOKUP(A49,COHVPI!#REF!,COHVPI!E:E) -> #REF! | F49: =_xlfn.XLOOKUP(B49,COHVPI!A:A,COHVPI!F:F) -> 5000 | G49: 460888 | H49: SA MONANGE SABONETE LIQ FLOR DE LAVANDA | I49: 46181 | J49: 46181 | O49: - | R49: 26029-1 | S49: MONANGE SAB CFI LIQ REF FL LAV06X400MLPR | T49: 1963292 | U49: =Z49/6 -> 2017 | V49: =_xlfn.XLOOKUP(T49,COHVPI!A:A,COHVPI!F:F) -> 936 | Y49: =_xlfn.XLOOKUP(Q49,COHVPI!#REF!,COHVPI!F:F) -> #REF! | Z49: 12102 | AE49: =VLOOKUP(B49,COHVPI!A:N,14,0) -> LIB IMPR CNPA FORN CAPC CPRE DMNV LOAT* | AH49: =VLOOKUP(B49,COHVPI!A:E,5,0) -> 5000 | AI49: =AH49-D49 -> 0
A50: 59 | B50: 1964006 | C50: T26E1194 | D50: 5000 | E50: =_xlfn.XLOOKUP(A50,COHVPI!#REF!,COHVPI!E:E) -> #REF! | F50: =_xlfn.XLOOKUP(B50,COHVPI!A:A,COHVPI!F:F) -> 5000 | G50: 460888 | H50: SA MONANGE SABONETE LIQ FLOR DE LAVANDA | I50: 46181 | J50: 46181 | O50: - | R50: 26029-1 | S50: MONANGE SAB CFI LIQ REF FL LAV06X400MLPR | T50: 1963921 | U50: =Z50/6 -> 2017 | V50: =_xlfn.XLOOKUP(T50,COHVPI!A:A,COHVPI!F:F) -> #N/A | Y50: =_xlfn.XLOOKUP(Q50,COHVPI!#REF!,COHVPI!F:F) -> #REF! | Z50: 12102 | AE50: =VLOOKUP(B50,COHVPI!A:N,14,0) -> LIB IMPR CNPA FORN CAPC CPRE DMNV LOAT* | AH50: =VLOOKUP(B50,COHVPI!A:E,5,0) -> 5000 | AI50: =AH50-D50 -> 0
A51: 59 | B51: 1964007 | C51: T26E1195 | D51: 5000 | E51: =_xlfn.XLOOKUP(A51,COHVPI!#REF!,COHVPI!E:E) -> #REF! | F51: =_xlfn.XLOOKUP(B51,COHVPI!A:A,COHVPI!F:F) -> 0 | G51: 460888 | H51: SA MONANGE SABONETE LIQ FLOR DE LAVANDA | I51: 46182 | J51: 46182 | O51: - | R51: 26029-1 | S51: MONANGE SAB CFI LIQ REF FL LAV06X400MLPR | T51: 1963923 | U51: =Z51/6 -> 2017 | V51: =_xlfn.XLOOKUP(T51,COHVPI!A:A,COHVPI!F:F) -> #N/A | Y51: =_xlfn.XLOOKUP(Q51,COHVPI!#REF!,COHVPI!F:F) -> #REF! | Z51: 12102 | AE51: =VLOOKUP(B51,COHVPI!A:N,14,0) -> LIB IMPR CAPC CPRE DMNV LOAT MOME NOLQ* | AH51: =VLOOKUP(B51,COHVPI!A:E,5,0) -> 5000 | AI51: =AH51-D51 -> 0
A52: 59 | B52: 1964009 | C52: T26E1196 | D52: 5000 | E52: =_xlfn.XLOOKUP(A52,COHVPI!#REF!,COHVPI!E:E) -> #REF! | F52: =_xlfn.XLOOKUP(B52,COHVPI!A:A,COHVPI!F:F) -> 0 | G52: 460888 | H52: SA MONANGE SABONETE LIQ FLOR DE LAVANDA | I52: 46182 | J52: 46182 | O52: - | R52: 26029-1 | S52: MONANGE SAB CFI LIQ REF FL LAV06X400MLPR | T52: 1963924 | U52: =Z52/6 -> 2017 | V52: =_xlfn.XLOOKUP(T52,COHVPI!A:A,COHVPI!F:F) -> #N/A | Y52: =_xlfn.XLOOKUP(Q52,COHVPI!#REF!,COHVPI!F:F) -> #REF! | Z52: 12102 | AE52: =VLOOKUP(B52,COHVPI!A:N,14,0) -> LIB IMPR CAPC CPRE DMNV LOAT MOME NOLQ* | AH52: =VLOOKUP(B52,COHVPI!A:E,5,0) -> 5000 | AI52: =AH52-D52 -> 0
A53: 59 | B53: 1964010 | C53: T26E1197 | D53: 5000 | E53: =_xlfn.XLOOKUP(A53,COHVPI!#REF!,COHVPI!E:E) -> #REF! | F53: =_xlfn.XLOOKUP(B53,COHVPI!A:A,COHVPI!F:F) -> 5000 | G53: 460888 | H53: SA MONANGE SABONETE LIQ FLOR DE LAVANDA | I53: 46183 | J53: 46183 | O53: - | R53: 26029-1 | S53: MONANGE SAB CFI LIQ REF FL LAV06X400MLPR | T53: 1964030 | U53: =Z53/6 -> 2017 | V53: =_xlfn.XLOOKUP(T53,COHVPI!A:A,COHVPI!F:F) -> 0 | Y53: =_xlfn.XLOOKUP(Q53,COHVPI!#REF!,COHVPI!F:F) -> #REF! | Z53: 12102 | AE53: =VLOOKUP(B53,COHVPI!A:N,14,0) -> LIB IMPR CNPA FORN CAPC CPRE DMNV LOAT* | AH53: =VLOOKUP(B53,COHVPI!A:E,5,0) -> 5000 | AI53: =AH53-D53 -> 0
A54: 59 | B54: 1964011 | C54: T26E1198 | D54: 5000 | E54: =_xlfn.XLOOKUP(A54,COHVPI!#REF!,COHVPI!E:E) -> #REF! | F54: =_xlfn.XLOOKUP(B54,COHVPI!A:A,COHVPI!F:F) -> 0 | G54: 460888 | H54: SA MONANGE SABONETE LIQ FLOR DE LAVANDA | I54: 46183 | J54: 46183 | O54: - | R54: 26029-1 | S54: MONANGE SAB CFI LIQ REF FL LAV06X400MLPR | T54: 1964031 | U54: =Z54/6 -> 2017 | V54: =_xlfn.XLOOKUP(T54,COHVPI!A:A,COHVPI!F:F) -> 0 | Y54: =_xlfn.XLOOKUP(Q54,COHVPI!#REF!,COHVPI!F:F) -> #REF! | Z54: 12102 | AE54: =VLOOKUP(B54,COHVPI!A:N,14,0) -> LIB IMPR CAPC CPRE DMNV LOAT MOME NOLQ* | AH54: =VLOOKUP(B54,COHVPI!A:E,5,0) -> 5000 | AI54: =AH54-D54 -> 0
A55: 59 | B55: 1963295 | C55: T26E0799 | D55: 5000 | E55: =_xlfn.XLOOKUP(A55,COHVPI!#REF!,COHVPI!E:E) -> #REF! | F55: =_xlfn.XLOOKUP(B55,COHVPI!A:A,COHVPI!F:F) -> 0 | G55: 460889 | H55: SA MONANGE SABONETE LIQ FRUTAS VERMELHAS | J55: 46184 | O55: - | R55: 30078-0 | S55: MONANGE SAB CFI LIQ REF FRVM 6X400ML AZ | T55: 1963284 | U55: =Z55/6 -> 2017 | V55: =_xlfn.XLOOKUP(T55,COHVPI!A:A,COHVPI!F:F) -> 0 | Y55: =_xlfn.XLOOKUP(Q55,COHVPI!#REF!,COHVPI!F:F) -> #REF! | Z55: 12102 | AE55: =VLOOKUP(B55,COHVPI!A:N,14,0) -> LIB CAPC CPRE DMNV LOAT NOLQ ORSL | AH55: =VLOOKUP(B55,COHVPI!A:E,5,0) -> 5000 | AI55: =AH55-D55 -> 0
A56: 59 | B56: 1963296 | C56: T26E0800 | D56: 5000 | E56: =_xlfn.XLOOKUP(A56,COHVPI!#REF!,COHVPI!E:E) -> #REF! | F56: =_xlfn.XLOOKUP(B56,COHVPI!A:A,COHVPI!F:F) -> 0 | G56: 460889 | H56: SA MONANGE SABONETE LIQ FRUTAS VERMELHAS | J56: 46184 | O56: - | R56: 30078-0 | S56: MONANGE SAB CFI LIQ REF FRVM 6X400ML AZ | T56: 1963285 | U56: =Z56/6 -> 2017 | V56: =_xlfn.XLOOKUP(T56,COHVPI!A:A,COHVPI!F:F) -> 0 | Y56: =_xlfn.XLOOKUP(Q56,COHVPI!#REF!,COHVPI!F:F) -> #REF! | Z56: 12102 | AE56: =VLOOKUP(B56,COHVPI!A:N,14,0) -> LIB CAPC CPRE DMNV LOAT NOLQ ORSL | AH56: =VLOOKUP(B56,COHVPI!A:E,5,0) -> 5000 | AI56: =AH56-D56 -> 0
AE57: =VLOOKUP(B57,COHVPI!A:N,14,0) -> #N/A | AH57: =VLOOKUP(B57,COHVPI!A:E,5,0) -> #N/A | AI57: =AH57-D57 -> #N/A
AE58: =VLOOKUP(B58,COHVPI!A:N,14,0) -> #N/A | AH58: =VLOOKUP(B58,COHVPI!A:E,5,0) -> #N/A | AI58: =AH58-D58 -> #N/A
A59: LINHA 11 - SAB. INTIMO / DESOD. ROLL-ON | R59: LINHA 11 - LUCRETIN / DESOD. ROLL-ON | AD59: =VLOOKUP(B59,[1]COHVPI!A:N,14,0) -> #N/A | AE59: =VLOOKUP(B59,COHVPI!A:N,14,0) -> #N/A | AH59: =VLOOKUP(B59,COHVPI!A:E,5,0) -> #N/A | AI59: =AH59-D59 -> #N/A | AJ59: =AI59-#REF! -> #N/A
A60: LINHA | B60: Nº ORDEM | C60: LOTE | D60: QTD (KG) | E60: PROGRAMADO | F60: REALIZADO | G60: CÓDIGO | H60: DESCRIÇÃO S.A. | I60: DATA CONGELADA | J60: DATA ATUALIZADA | K60: TB | L60: TC | M60: TA | N60: SAP | O60: STATUS | P60: FRASCOS | R60: CÓDIGO P.A. | S60: DESCRIÇÃO P.A. | T60: Nº ORDEM | U60: QTD (CXS) | V60: REALIZADO | W60: QTD (CX) | X60: QTD SAP | Y60: DATA SAP | Z60: QTD (UND) | AD60: =VLOOKUP(B60,[1]COHVPI!A:N,14,0) -> #N/A | AE60: =VLOOKUP(B60,COHVPI!A:N,14,0) -> #N/A | AH60: =VLOOKUP(B60,COHVPI!A:E,5,0) -> #N/A | AI60: =AH60-D60 -> #N/A | AJ60: =AI60-#REF! -> #N/A
V61: =_xlfn.XLOOKUP(T61,COHVPI!A:A,COHVPI!F:F) -> 0 | AD61: =VLOOKUP(B61,[1]COHVPI!A:N,14,0) -> #N/A | AE61: =VLOOKUP(B61,COHVPI!A:N,14,0) -> #N/A | AH61: =VLOOKUP(B61,COHVPI!A:E,5,0) -> #N/A | AI61: =AH61-D61 -> #N/A | AJ61: =AI61-#REF! -> #N/A
AD62: =VLOOKUP(B62,[1]COHVPI!A:N,14,0) -> #N/A | AE62: =VLOOKUP(B62,COHVPI!A:N,14,0) -> #N/A | AH62: =VLOOKUP(B62,COHVPI!A:E,5,0) -> #N/A | AI62: =AH62-D62 -> #N/A | AJ62: =AI62-#REF! -> #N/A
A63: LINHA 06 - LEITE DE COLÔNIA | R63: LINHA 06 - LEITE DE COLÔNIA | AD63: =VLOOKUP(B63,[1]COHVPI!A:N,14,0) -> #N/A | AE63: =VLOOKUP(B63,COHVPI!A:N,14,0) -> #N/A | AH63: =VLOOKUP(B63,COHVPI!A:E,5,0) -> #N/A | AI63: =AH63-D63 -> #N/A | AJ63: =AI63-#REF! -> #N/A
A64: LINHA | B64: Nº ORDEM | C64: LOTE | D64: QTD (KG) | E64: PROGRAMADO | F64: REALIZADO | G64: CÓDIGO | H64: DESCRIÇÃO S.A. | I64: DATA CONGELADA | J64: DATA ATUALIZADA | K64: TB | L64: TC | M64: TA | N64: SAP | O64: STATUS | P64: FRASCOS | R64: CÓDIGO P.A. | S64: DESCRIÇÃO P.A. | T64: Nº ORDEM | U64: QTD (CXS) | V64: REALIZADO | W64: QTD (CX) | X64: QTD SAP | Y64: DATA SAP | Z64: QTD (UND) | AD64: =VLOOKUP(B64,[1]COHVPI!A:N,14,0) -> #N/A | AE64: =VLOOKUP(B64,COHVPI!A:N,14,0) -> #N/A | AH64: =VLOOKUP(B64,COHVPI!A:E,5,0) -> #N/A | AI64: =AH64-D64 -> #N/A | AJ64: =AI64-#REF! -> #N/A
AD65: =VLOOKUP(B65,[1]COHVPI!A:N,14,0) -> #N/A | AE65: =VLOOKUP(B65,COHVPI!A:N,14,0) -> #N/A | AH65: =VLOOKUP(B65,COHVPI!A:E,5,0) -> #N/A | AI65: =AH65-D65 -> #N/A | AJ65: =AI65-#REF! -> #N/A
AD66: =VLOOKUP(B66,[1]COHVPI!A:N,14,0) -> #N/A | AE66: =VLOOKUP(B66,COHVPI!A:N,14,0) -> #N/A | AH66: =VLOOKUP(B66,COHVPI!A:E,5,0) -> #N/A | AI66: =AH66-D66 -> #N/A | AJ66: =AI66-#REF! -> #N/A
A67: LINHA 07 - DESODORANTE SPRAY | R67: LINHA 07 - DESODORANTE SPRAY | AD67: =VLOOKUP(B67,[1]COHVPI!A:N,14,0) -> #N/A | AE67: =VLOOKUP(B67,COHVPI!A:N,14,0) -> #N/A | AH67: =VLOOKUP(B67,COHVPI!A:E,5,0) -> #N/A | AI67: =AH67-D67 -> #N/A | AJ67: =AI67-#REF! -> #N/A
A68: LINHA | B68: Nº ORDEM | C68: LOTE | D68: QTD (KG) | E68: PROGRAMADO | F68: REALIZADO | G68: CÓDIGO | H68: DESCRIÇÃO S.A. | I68: DATA CONGELADA | J68: DATA ATUALIZADA | K68: TB | L68: TC | M68: TA | N68: SAP | O68: STATUS | P68: FRASCOS | R68: CÓDIGO P.A. | S68: DESCRIÇÃO P.A. | T68: Nº ORDEM | U68: QTD (CXS) | V68: REALIZADO | W68: QTD (CX) | X68: QTD SAP | Y68: DATA SAP | Z68: QTD (UND) | AD68: =VLOOKUP(B68,[1]COHVPI!A:N,14,0) -> #N/A | AE68: =VLOOKUP(B68,COHVPI!A:N,14,0) -> #N/A | AH68: =VLOOKUP(B68,COHVPI!A:E,5,0) -> #N/A | AI68: =AH68-D68 -> #N/A | AJ68: =AI68-#REF! -> #N/A
A69: 7 | B69: 1961480 | C69: T26D1537 | D69: 4500 | G69: 441427 | H69: SA CONTOURE DES SPRAY PRIMEIRO AMOR 60% | J69: 10/06 A 11/06 | N69: =_xlfn.XLOOKUP('[1]Linhas Rápidas'!#REF!,[1]COHVPI!A:A,[1]COHVPI!I:I) -> #REF! | O69: - | P69: FRASCO OK || TPA OK | R69: 17064-1 | S69: CONTOURE DES VOLPI SPR PRIM AMOR 12X80ML | T69: 1961373 | U69: =Z69/12 -> 5275 | V69: =_xlfn.XLOOKUP(T69,COHVPI!A:A,COHVPI!F:F) -> 0 | W69: =Z69/12 -> 5275 | Z69: 63300 | AD69: =VLOOKUP(B69,[1]COHVPI!A:N,14,0) -> LIB MATF IMPR CAPC CANC CPRE DMNV LOAT* | AE69: =VLOOKUP(B69,COHVPI!A:N,14,0) -> LIB MATF IMPR CAPC CANC CPRE DMNV LOAT* | AH69: =VLOOKUP(B69,COHVPI!A:E,5,0) -> 4500 | AI69: =AH69-D69 -> 0 | AJ69: =AI69-#REF! -> #REF!
A70: 7 | B70: 1962974 | C70: T26E0554 | D70: 4500 | G70: 441423 | H70: SA TRES MARCHAND DES SPRAY CLASSIC 50% | J70: 11/06 A 12/06 | N70: =_xlfn.XLOOKUP('[2]Linhas Rápidas'!B175,[2]COHVPI!A:A,[2]COHVPI!I:I) -> #REF! | O70: - | P70: TERMINA DIA 09/06 | R70: 754-5 | S70: TRES MARCHAND DES SPR CLASS 12X100 NVE | T70: 1962967 | U70: =Z70/12 -> 4021 | V70: =_xlfn.XLOOKUP(T70,COHVPI!A:A,COHVPI!F:F) -> 0 | W70: =Z70/12 -> 4021 | Z70: 48252 | AD70: =VLOOKUP(B70,[1]COHVPI!A:N,14,0) -> ENTE IMPR CNPA CAPC CPRE DMNV FRNP LOAT* | AE70: =VLOOKUP(B70,COHVPI!A:N,14,0) -> #N/A | AH70: =VLOOKUP(B70,COHVPI!A:E,5,0) -> #N/A | AI70: =AH70-D70 -> #N/A | AJ70: =AI70-#REF! -> #N/A
AD71: =VLOOKUP(B71,[1]COHVPI!A:N,14,0) -> #N/A | AE71: =VLOOKUP(B71,COHVPI!A:N,14,0) -> #N/A | AH71: =VLOOKUP(B71,COHVPI!A:E,5,0) -> #N/A | AI71: =AH71-D71 -> #N/A | AJ71: =AI71-#REF! -> #N/A
AD72: =VLOOKUP(B72,[1]COHVPI!A:N,14,0) -> #N/A | AE72: =VLOOKUP(B72,COHVPI!A:N,14,0) -> #N/A | AH72: =VLOOKUP(B72,COHVPI!A:E,5,0) -> #N/A | AI72: =AH72-D72 -> #N/A | AJ72: =AI72-#REF! -> #N/A
A73: SOLUÇÃO BENJOIN - 300006 | AD73: =VLOOKUP(B73,[1]COHVPI!A:N,14,0) -> #N/A | AE73: =VLOOKUP(B73,COHVPI!A:N,14,0) -> #N/A | AH73: =VLOOKUP(B73,COHVPI!A:E,5,0) -> #N/A | AI73: =AH73-D73 -> #N/A | AJ73: =AI73-#REF! -> #N/A
A74: LINHA | B74: Nº ORDEM | C74: LOTE | D74: QTD (KG) | E74: PROGRAMADO | F74: REALIZADO | G74: CÓDIGO | H74: DESCRIÇÃO S.A. | I74: DATA CONGELADA | J74: DATA ATUALIZADA | K74: TB | L74: TC | M74: TA | N74: SAP | O74: STATUS | AD74: =VLOOKUP(B74,[1]COHVPI!A:N,14,0) -> #N/A | AE74: =VLOOKUP(B74,COHVPI!A:N,14,0) -> #N/A | AH74: =VLOOKUP(B74,COHVPI!A:E,5,0) -> #N/A | AI74: =AH74-D74 -> #N/A | AJ74: =AI74-#REF! -> #N/A
A75: - | D75: 250 | E75: =_xlfn.XLOOKUP(B75,[1]COHVPI!A:A,[1]COHVPI!E:E,0,0,1) -> 0 | F75: =_xlfn.XLOOKUP(B75,[1]COHVPI!A:A,[1]COHVPI!F:F) -> 0 | G75: 300006 | H75: SA SOL ALCOOLICA BENJOIN 5% | I75: - | J75: - | N75: =_xlfn.XLOOKUP('[1]Linhas Rápidas'!B190,[1]COHVPI!A:A,[1]COHVPI!I:I) -> 46198 | O75: - | AD75: =VLOOKUP(B75,[1]COHVPI!A:N,14,0) -> #N/A | AE75: =VLOOKUP(B75,COHVPI!A:N,14,0) -> #N/A | AH75: =VLOOKUP(B75,COHVPI!A:E,5,0) -> #N/A | AI75: =AH75-D75 -> #N/A | AJ75: =AI75-#REF! -> #N/A
AD76: =VLOOKUP(B76,[1]COHVPI!A:N,14,0) -> #N/A | AE76: =VLOOKUP(B76,COHVPI!A:N,14,0) -> #N/A | AH76: =VLOOKUP(B76,COHVPI!A:E,5,0) -> #N/A | AI76: =AH76-D76 -> #N/A | AJ76: =AI76-#REF! -> #N/A
AE77: =VLOOKUP(B77,COHVPI!A:N,14,0) -> #N/A | AH77: =VLOOKUP(B77,COHVPI!A:E,5,0) -> #N/A | AI77: =AH77-D77 -> #N/A
AE78: =VLOOKUP(B78,COHVPI!A:N,14,0) -> #N/A | AH78: =VLOOKUP(B78,COHVPI!A:E,5,0) -> #N/A | AI78: =AH78-D78 -> #N/A
AE79: =VLOOKUP(B79,COHVPI!A:N,14,0) -> #N/A | AH79: =VLOOKUP(B79,COHVPI!A:E,5,0) -> #N/A | AI79: =AH79-D79 -> #N/A
AE80: =VLOOKUP(B80,COHVPI!A:N,14,0) -> #N/A | AH80: =VLOOKUP(B80,COHVPI!A:E,5,0) -> #N/A | AI80: =AH80-D80 -> #N/A
AE81: =VLOOKUP(B81,COHVPI!A:N,14,0) -> #N/A | AH81: =VLOOKUP(B81,COHVPI!A:E,5,0) -> #N/A | AI81: =AH81-D81 -> #N/A
AE82: =VLOOKUP(B82,COHVPI!A:N,14,0) -> #N/A | AH82: =VLOOKUP(B82,COHVPI!A:E,5,0) -> #N/A | AI82: =AH82-D82 -> #N/A
AE83: =VLOOKUP(B83,COHVPI!A:N,14,0) -> #N/A | AH83: =VLOOKUP(B83,COHVPI!A:E,5,0) -> #N/A | AI83: =AH83-D83 -> #N/A
AE84: =VLOOKUP(B84,COHVPI!A:N,14,0) -> #N/A | AH84: =VLOOKUP(B84,COHVPI!A:E,5,0) -> #N/A | AI84: =AH84-D84 -> #N/A
AE85: =VLOOKUP(B85,COHVPI!A:N,14,0) -> #N/A | AH85: =VLOOKUP(B85,COHVPI!A:E,5,0) -> #N/A | AI85: =AH85-D85 -> #N/A
AE86: =VLOOKUP(B86,COHVPI!A:N,14,0) -> #N/A | AH86: =VLOOKUP(B86,COHVPI!A:E,5,0) -> #N/A | AI86: =AH86-D86 -> #N/A
AE87: =VLOOKUP(B87,COHVPI!A:N,14,0) -> #N/A | AH87: =VLOOKUP(B87,COHVPI!A:E,5,0) -> #N/A | AI87: =AH87-D87 -> #N/A
AE88: =VLOOKUP(B88,COHVPI!A:N,14,0) -> #N/A | AH88: =VLOOKUP(B88,COHVPI!A:E,5,0) -> #N/A | AI88: =AH88-D88 -> #N/A
... AE132: =VLOOKUP(B132,COHVPI!A:N,14,0) -> #N/A | AH132: =VLOOKUP(B132,COHVPI!A:E,5,0) -> #N/A | AI132: =AH132-D132 -> #N/A

Sheet Aderência Diária

Sheet COHVPI
A1: Ordem | B1: Nº do material | C1: Texto breve de material | D1: Lote | E1: Quantidade da ordem (GMEIN) | F1: Qtd.fornecida (GMEIN) | G1: Unidade de medida (=GMEIN) | H1: Planejador MRP | I1: Data-base iníc. | J1: Data de conclusão base | K1: Hr.início programada | L1: Fim program. (hora) | M1: Versão de produção | N1: Status do sistema
A2: 1964323 | B2: 10992-2 | C2: AVANCO DES SPRAY ACTION 12X85ML NVE | E2: 4731 | F2: 0 | G2: CX | H2: Z03 | I2: 46198 | J2: 46198 | K2: 0.27777778 | L2: 0.6490162 | N2: ABER CNAT DMNV NOLQ ORSL
A3: 1964123 | B3: 15476-3 | C3: PAIXAO DEO LOCAO IRRES FLOR LIS 24X200ML | E3: 7830 | F3: 0 | G3: CX | H3: Z03 | I3: 46200 | J3: 46202 | K3: 0.27777778 | L3: 0.3474537 | N3: ABER CNAT DMNV NOLQ ORSL
A4: 1964124 | B4: 15476-3 | C4: PAIXAO DEO LOCAO IRRES FLOR LIS 24X200ML | E4: 7830 | F4: 0 | G4: CX | H4: Z03 | I4: 46203 | J4: 46204 | K4: 0.27777778 | L4: 0.3474537 | N4: ABER CNAT DMNV NOLQ ORSL
A5: 1964116 | B5: 15479-3 | C5: PAIXAO DEO LOCAO TENT AMEIXA RU 24X200ML | E5: 7830 | F5: 0 | G5: CX | H5: Z03 | I5: 46192 | J5: 46193 | K5: 0.27777778 | L5: 0.3474537 | N5: ABER CNAT DMNV NOLQ ORSL
A6: 1964117 | B6: 15479-3 | C6: PAIXAO DEO LOCAO TENT AMEIXA RU 24X200ML | E6: 7830 | F6: 0 | G6: CX | H6: Z03 | I6: 46193 | J6: 46195 | K6: 0.27777778 | L6: 0.3474537 | N6: ABER CNAT DMNV NOLQ ORSL
A7: 1964331 | B7: 15492-3 | C7: PAIXAO DEO OLEO INSP ROSAS BRAN 12X200ML | E7: 8232 | F7: 0 | G7: CX | H7: Z03 | I7: 46191 | J7: 46192 | K7: 0.27777778 | L7: 0.15726852 | N7: ABER CNAT DMNV NOLQ ORSL
A8: 1964492 | B8: 15496-3 | C8: PAIXAO DEO OLEO TENT AMEIXA RUB 12X200ML | E8: 8232 | F8: 0 | G8: CX | H8: Z03 | I8: 46192 | J8: 46193 | K8: 0.27777778 | L8: 0.15726852 | N8: ABER CNAT DMNV NOLQ ORSL
A9: 1961374 | B9: 17063-1 | C9: CONTOURE DES VOLPI SPR AMOR VIDA 12X80ML | E9: 5275 | F9: 0 | G9: CX | H9: Z03 | I9: 46193 | J9: 46193 | K9: 0.27777778 | L9: 0.69170139 | N9: ABER CNAT DMNV NOLQ ORSL
A10: 1961373 | B10: 17064-1 | C10: CONTOURE DES VOLPI SPR PRIM AMOR 12X80ML | E10: 5275 | F10: 0 | G10: CX | H10: Z03 | I10: 46183 | J10: 46183 | K10: 0.27777778 | L10: 0.69170139 | N10: ABER CNAT DMNV NOLQ ORSL
A11: 1964306 | B11: 17065-1 | C11: CONTOURE DES VOLPI SPR LEMBRANCA 12X80ML | E11: 5275 | F11: 0 | G11: CX | H11: Z03 | I11: 46195 | J11: 46195 | K11: 0.27777778 | L11: 0.69170139 | N11: ABER CNAT DMNV NOLQ ORSL
A12: 1964235 | B12: 17284-5 | C12: MONANGE DEO CORP HIDR AVEIA 24X200ML PT | E12: 7996 | F12: 0 | G12: CX | H12: Z03 | I12: 46193 | J12: 46195 | K12: 0.27777778 | L12: 0.70083333 | N12: ABER CNAT DMNV NOLQ ORSL
A13: 1964236 | B13: 17284-5 | C13: MONANGE DEO CORP HIDR AVEIA 24X200ML PT | E13: 7996 | F13: 0 | G13: CX | H13: Z03 | I13: 46195 | J13: 46196 | K13: 0.27777778 | L13: 0.70083333 | N13: ABER CNAT DMNV NOLQ ORSL
... A17: 1964225 | B17: 17874-7 | C17: MONANGE DES CORP HIDR PL EXT 12X400ML PT | E17: 7916 | F17: 0 | G17: CX | H17: Z03 | I17: 46184 | J17: 46185 | K17: 0.27777778 | L17: 0.51159722 | N17: ABER CNAT DMNV NOLQ ORSL
A18: 1961445 | B18: 18000-4 | C18: PAIXAO DEO LOCAO IRRES FLOR LIS 12X400ML | D18: 6155C1 | E18: 7806 | F18: 7094 | G18: CX | H18: Z03 | I18: 46178 | J18: 46179 | K18: 0.27777778 | L18: 0.27854167 | N18: LIB MATF IMPR CNPA CAPC CPRE FRNP LOAT*
A19: 1961459 | B19: 20462-1 | C19: PAIXAO DEO OLEO AVELA 24X100ML | D19: 6153C1 | E19: 4116 | F19: 4249 | G19: CX | H19: Z03 | I19: 46175 | J19: 46177 | K19: 0.58484954 | L19: 0.49967593 | N19: LIB IMPR CNPA FORN CAPC CPRE DMNV LOAT*
A20: 1964317 | B20: 20462-1 | C20: PAIXAO DEO OLEO AVELA 24X100ML | E20: 4116 | F20: 0 | G20: CX | H20: Z03 | I20: 46182 | J20: 46183 | K20: 0.27777778 | L20: 0.24126157 | N20: ABER CNAT DMNV NOLQ ORSL
A21: 1964320 | B21: 20462-1 | C21: PAIXAO DEO OLEO AVELA 24X100ML | E21: 4116 | F21: 0 | G21: CX | H21: Z03 | I21: 46183 | J21: 46184 | K21: 0.27777778 | L21: 0.24126157 | N21: ABER CNAT DMNV NOLQ ORSL
A22: 1965391 | B22: 20462-1 | C22: PAIXAO DEO OLEO AVELA 24X100ML | E22: 4200 | F22: 0 | G22: CX | H22: Z03 | I22: 46203 | J22: 46204 | K22: 0.27777778 | L22: 0.26092593 | N22: ABER CNAT DMNV NOLQ ORSL
A23: 1964314 | B23: 20464-1 | C23: PAIXAO DEO OLEO TENT AMEIXA RU 24X100ML | D23: 6159C1 | E23: 4116 | F23: 0 | G23: CX | H23: Z03 | I23: 46178 | J23: 46179 | K23: 0.27777778 | L23: 0.24396991 | N23: LIB MATF IMPR CAPC CPRE LOAT NOLQ ORSL
A24: 1964315 | B24: 20464-1 | C24: PAIXAO DEO OLEO TENT AMEIXA RU 24X100ML | E24: 4116 | F24: 0 | G24: CX | H24: Z03 | I24: 46181 | J24: 46182 | K24: 0.27777778 | L24: 0.24396991 | N24: ABER CNAT DMNV NOLQ ORSL
A25: 1964322 | B25: 20464-1 | C25: PAIXAO DEO OLEO TENT AMEIXA RU 24X100ML | E25: 4116 | F25: 0 | G25: CX | H25: Z03 | I25: 46184 | J25: 46185 | K25: 0.27777778 | L25: 0.24396991 | N25: ABER CNAT DMNV NOLQ ORSL
A26: 1964324 | B26: 20464-1 | C26: PAIXAO DEO OLEO TENT AMEIXA RU 24X100ML | E26: 4116 | F26: 0 | G26: CX | H26: Z03 | I26: 46185 | J26: 46186 | K26: 0.27777778 | L26: 0.24396991 | N26: ABER CNAT DMNV NOLQ ORSL
A27: 1964336 | B27: 20464-1 | C27: PAIXAO DEO OLEO TENT AMEIXA RU 24X100ML | E27: 4116 | F27: 0 | G27: CX | H27: Z03 | I27: 46196 | J27: 46197 | K27: 0.27777778 | L27: 0.24396991 | N27: ABER CNAT DMNV NOLQ ORSL
A28: 1964337 | B28: 20464-1 | C28: PAIXAO DEO OLEO TENT AMEIXA RU 24X100ML | E28: 4116 | F28: 0 | G28: CX | H28: Z03 | I28: 46197 | J28: 46198 | K28: 0.27777778 | L28: 0.24396991 | N28: ABER CNAT DMNV NOLQ ORSL
A29: 1964486 | B29: 23473-1 | C29: BOZZANO GEL COND FAT2 BM 6X300G | D29: 6154C3 | E29: 4927 | F29: 5142 | G29: CX | H29: Z03 | I29: 46177 | J29: 46177 | K29: 0.27777778 | L29: 0.61993056 | N29: LIB MATF IMPR CNPA FORN CAPC CPRE DMNV*
A30: 1964091 | B30: 23484-0 | C30: NYLOOKS GEL COND GAR FAT4 12X240G | D30: 6157C1 | E30: 3054 | F30: 2340 | G30: CX | H30: Z03 | I30: 46181 | J30: 46181 | K30: 0.27777778 | L30: 0.70194444 | N30: LIB IMPR CNPA CAPC CPRE DMNV FRNP LOAT*
A31: 1964092 | B31: 23484-0 | C31: NYLOOKS GEL COND GAR FAT4 12X240G | D31: 6159C1 | E31: 3054 | F31: 0 | G31: CX | H31: Z03 | I31: 46181 | J31: 46181 | K31: 0.27777778 | L31: 0.70194444 | N31: LIB MATF IMPR CAPC CPRE LOAT NOLQ ORSL
A32: 1964093 | B32: 23484-0 | C32: NYLOOKS GEL COND GAR FAT4 12X240G | E32: 3054 | F32: 0 | G32: CX | H32: Z03 | I32: 46182 | J32: 46182 | K32: 0.27777778 | L32: 0.70194444 | N32: ABER CNAT DMNV NOLQ ORSL
A33: 1964094 | B33: 23484-0 | C33: NYLOOKS GEL COND GAR FAT4 12X240G | E33: 3054 | F33: 0 | G33: CX | H33: Z03 | I33: 46182 | J33: 46182 | K33: 0.27777778 | L33: 0.70194444 | N33: ABER CNAT DMNV NOLQ ORSL
A34: 1964095 | B34: 23484-0 | C34: NYLOOKS GEL COND GAR FAT4 12X240G | E34: 3054 | F34: 0 | G34: CX | H34: Z03 | I34: 46183 | J34: 46183 | K34: 0.27777778 | L34: 0.70194444 | N34: ABER CNAT DMNV NOLQ ORSL
A35: 1964488 | B35: 23484-0 | C35: NYLOOKS GEL COND GAR FAT4 12X240G | E35: 3054 | F35: 0 | G35: CX | H35: Z03 | I35: 46184 | J35: 46184 | K35: 0.27777778 | L35: 0.70194444 | N35: ABER CNAT DMNV NOLQ ORSL
A36: 1964491 | B36: 23484-0 | C36: NYLOOKS GEL COND GAR FAT4 12X240G | E36: 3054 | F36: 0 | G36: CX | H36: Z03 | I36: 46184 | J36: 46184 | K36: 0.27777778 | L36: 0.70194444 | N36: ABER CNAT DMNV NOLQ ORSL
A37: 1964489 | B37: 23484-0 | C37: NYLOOKS GEL COND GAR FAT4 12X240G | E37: 3054 | F37: 0 | G37: CX | H37: Z03 | I37: 46185 | J37: 46185 | K37: 0.27777778 | L37: 0.70194444 | N37: ABER CNAT DMNV NOLQ ORSL
A38: 1964490 | B38: 23484-0 | C38: NYLOOKS GEL COND GAR FAT4 12X240G | E38: 3054 | F38: 0 | G38: CX | H38: Z03 | I38: 46185 | J38: 46185 | K38: 0.27777778 | L38: 0.70194444 | N38: ABER CNAT DMNV NOLQ ORSL
A39: 1964060 | B39: 24040-2 | C39: MONANGE SH HIDRATACAO INTENS 12X325ML | E39: 9600 | F39: 0 | G39: CX | H39: Z03 | I39: 46199 | J39: 46200 | K39: 0.27777778 | L39: 0.047013889 | N39: ABER CNAT DMNV NOLQ ORSL
A40: 1964063 | B40: 24040-2 | C40: MONANGE SH HIDRATACAO INTENS 12X325ML | E40: 9600 | F40: 0 | G40: CX | H40: Z03 | I40: 46202 | J40: 46203 | K40: 0.27777778 | L40: 0.047013889 | N40: ABER CNAT DMNV NOLQ ORSL
A41: 1964055 | B41: 24041-2 | C41: MONANGE SH LISOS BRILHANTES 12X325ML | E41: 9600 | F41: 0 | G41: CX | H41: Z03 | I41: 46192 | J41: 46193 | K41: 0.27777778 | L41: 0.047013889 | N41: ABER CNAT DMNV NOLQ ORSL
A42: 1964056 | B42: 24041-2 | C42: MONANGE SH LISOS BRILHANTES 12X325ML | E42: 9600 | F42: 0 | G42: CX | H42: Z03 | I42: 46193 | J42: 46194 | K42: 0.27777778 | L42: 0.047013889 | N42: ABER CNAT DMNV NOLQ ORSL
A43: 1964058 | B43: 24042-2 | C43: MONANGE SH CACHOS DEFINIDOS 12X325ML | E43: 9600 | F43: 0 | G43: CX | H43: Z03 | I43: 46196 | J43: 46197 | K43: 0.27777778 | L43: 0.047013889 | N43: ABER CNAT DMNV NOLQ ORSL
... A68: 1964340 | B68: 25102-0 | C68: PAIXAO DEO OLEO IRRES FLOR LIS 24X100ML | E68: 4116 | F68: 0 | G68: CX | H68: Z03 | I68: 46199 | J68: 46200 | K68: 0.27777778 | L68: 0.24396991 | N68: ABER CNAT DMNV NOLQ ORSL
A69: 1964309 | B69: 25103-0 | C69: PAIXAO DEO OLEO FRAMBOESA NEGR 24X100ML | D69: 6156C1 | E69: 4116 | F69: 3996 | G69: CX | H69: Z03 | I69: 46176 | J69: 46177 | K69: 0.27777778 | L69: 0.24670139 | N69: LIB MATF IMPR CNPA CAPC CPRE DMNV FRNP*
A70: 1964312 | B70: 25103-0 | C70: PAIXAO DEO OLEO FRAMBOESA NEGR 24X100ML | D70: 6159C1 | E70: 4116 | F70: 1680 | G70: CX | H70: Z03 | I70: 46177 | J70: 46178 | K70: 0.27777778 | L70: 0.24670139 | N70: LIB MATF IMPR CNPA CAPC CPRE DMNV FRNP*
A71: 1964325 | B71: 25103-0 | C71: PAIXAO DEO OLEO FRAMBOESA NEGR 24X100ML | E71: 4116 | F71: 0 | G71: CX | H71: Z03 | I71: 46186 | J71: 46187 | K71: 0.27777778 | L71: 0.24670139 | N71: ABER CNAT DMNV NOLQ ORSL
A72: 1964327 | B72: 25103-0 | C72: PAIXAO DEO OLEO FRAMBOESA NEGR 24X100ML | E72: 4116 | F72: 0 | G72: CX | H72: Z03 | I72: 46188 | J72: 46189 | K72: 0.27777778 | L72: 0.24670139 | N72: ABER CNAT DMNV NOLQ ORSL
A73: 1964114 | B73: 25105-0 | C73: PAIXAO DEO LOCAO FRAMBOESA NEGR 24X200ML | E73: 7830 | F73: 0 | G73: CX | H73: Z03 | I73: 46188 | J73: 46189 | K73: 0.27777778 | L73: 0.3474537 | N73: ABER CNAT DMNV NOLQ ORSL
A74: 1964115 | B74: 25105-0 | C74: PAIXAO DEO LOCAO FRAMBOESA NEGR 24X200ML | E74: 7830 | F74: 0 | G74: CX | H74: Z03 | I74: 46190 | J74: 46191 | K74: 0.27777778 | L74: 0.3474537 | N74: ABER CNAT DMNV NOLQ ORSL
A75: 1964109 | B75: 25106-0 | C75: PAIXAO DEO LOCAO AVELA 24X200ML | D75: 6159C1 | E75: 7830 | F75: 0 | G75: CX | H75: Z03 | I75: 46181 | J75: 46182 | K75: 0.27777778 | L75: 0.3474537 | N75: LIB MATF IMPR CAPC CPRE LOAT NOLQ ORSL
A76: 1964110 | B76: 25106-0 | C76: PAIXAO DEO LOCAO AVELA 24X200ML | E76: 7830 | F76: 0 | G76: CX | H76: Z03 | I76: 46183 | J76: 46184 | K76: 0.27777778 | L76: 0.3474537 | N76: ABER CNAT DMNV NOLQ ORSL
A77: 1964111 | B77: 25106-0 | C77: PAIXAO DEO LOCAO AVELA 24X200ML | E77: 7830 | F77: 0 | G77: CX | H77: Z03 | I77: 46184 | J77: 46185 | K77: 0.27777778 | L77: 0.3474537 | N77: ABER CNAT DMNV NOLQ ORSL
A78: 1964113 | B78: 25106-0 | C78: PAIXAO DEO LOCAO AVELA 24X200ML | E78: 7830 | F78: 0 | G78: CX | H78: Z03 | I78: 46186 | J78: 46188 | K78: 0.27777778 | L78: 0.3474537 | N78: ABER CNAT DMNV NOLQ ORSL
A79: 1964118 | B79: 25107-0 | C79: PAIXAO DEO LOCAO FLOR BAUNILHA 24X200ML | E79: 7846 | F79: 0 | G79: CX | H79: Z03 | I79: 46196 | J79: 46197 | K79: 0.27777778 | L79: 0.47967593 | N79: ABER CNAT DMNV NOLQ ORSL
A80: 1964119 | B80: 25107-0 | C80: PAIXAO DEO LOCAO FLOR BAUNILHA 24X200ML | E80: 7846 | F80: 0 | G80: CX | H80: Z03 | I80: 46197 | J80: 46198 | K80: 0.27777778 | L80: 0.47967593 | N80: ABER CNAT DMNV NOLQ ORSL
A81: 1963944 | B81: 26028-1 | C81: MONANGE SAB CFI LIQ REF DETOX 12X200MLPR | E81: 1969 | F81: 0 | G81: CX | H81: Z08 | I81: 46196 | J81: 46196 | K81: 0.27777778 | L81: 0.70508102 | N81: ABER CNAT DMNV NOLQ ORSL
A82: 1963945 | B82: 26028-1 | C82: MONANGE SAB CFI LIQ REF DETOX 12X200MLPR | E82: 1969 | F82: 0 | G82: CX | H82: Z08 | I82: 46196 | J82: 46196 | K82: 0.27777778 | L82: 0.70508102 | N82: ABER CNAT DMNV NOLQ ORSL
A83: 1963947 | B83: 26028-1 | C83: MONANGE SAB CFI LIQ REF DETOX 12X200MLPR | E83: 1969 | F83: 0 | G83: CX | H83: Z08 | I83: 46197 | J83: 46197 | K83: 0.27777778 | L83: 0.70508102 | N83: ABER CNAT DMNV NOLQ ORSL
A84: 1963948 | B84: 26028-1 | C84: MONANGE SAB CFI LIQ REF DETOX 12X200MLPR | E84: 1969 | F84: 0 | G84: CX | H84: Z08 | I84: 46198 | J84: 46198 | K84: 0.27777778 | L84: 0.70508102 | N84: ABER CNAT DMNV NOLQ ORSL
A85: 1964035 | B85: 26028-1 | C85: MONANGE SAB CFI LIQ REF DETOX 12X200MLPR | E85: 1969 | F85: 0 | G85: CX | H85: Z08 | I85: 46198 | J85: 46198 | K85: 0.27777778 | L85: 0.70508102 | N85: ABER CNAT DMNV NOLQ ORSL
A86: 1964036 | B86: 26028-1 | C86: MONANGE SAB CFI LIQ REF DETOX 12X200MLPR | E86: 1969 | F86: 0 | G86: CX | H86: Z08 | I86: 46199 | J86: 46199 | K86: 0.27777778 | L86: 0.70508102 | N86: ABER CNAT DMNV NOLQ ORSL
A87: 1964037 | B87: 26028-1 | C87: MONANGE SAB CFI LIQ REF DETOX 12X200MLPR | E87: 1969 | F87: 0 | G87: CX | H87: Z08 | I87: 46200 | J87: 46200 | K87: 0.27777778 | L87: 0.70508102 | N87: ABER CNAT DMNV NOLQ ORSL
A88: 1964038 | B88: 26028-1 | C88: MONANGE SAB CFI LIQ REF DETOX 12X200MLPR | E88: 1969 | F88: 0 | G88: CX | H88: Z08 | I88: 46200 | J88: 46200 | K88: 0.27777778 | L88: 0.70508102 | N88: ABER CNAT DMNV NOLQ ORSL
A89: 1963291 | B89: 26029-1 | C89: MONANGE SAB CFI LIQ REF FL LAV06X400MLPR | D89: 6156C2 | E89: 2017 | F89: 1900 | G89: CX | H89: Z08 | I89: 46179 | J89: 46181 | K89: 0.085694444 | L89: 0.52601852 | N89: LIB MATF IMPR CNPA CAPC CPRE DMNV FRNP*
A90: 1963292 | B90: 26029-1 | C90: MONANGE SAB CFI LIQ REF FL LAV06X400MLPR | D90: 6159C1 | E90: 2017 | F90: 936 | G90: CX | H90: Z08 | I90: 46181 | J90: 46182 | K90: 0.71017361 | L90: 0.14733796 | N90: LIB MATF IMPR CNPA CAPC CPRE DMNV FRNP*
A91: 1963921 | B91: 26029-1 | C91: MONANGE SAB CFI LIQ REF FL LAV06X400MLPR | D91: 6159C2 | E91: 2017 | F91: 0 | G91: CX | H91: Z08 | I91: 46181 | J91: 46181 | K91: 0.54313657 | L91: 0.98085648 | N91: LIB IMPR CAPC CPRE LOAT MatC NOLQ ORSL
A92: 1963923 | B92: 26029-1 | C92: MONANGE SAB CFI LIQ REF FL LAV06X400MLPR | E92: 2017 | F92: 0 | G92: CX | H92: Z08 | I92: 46182 | J92: 46182 | K92: 0.27777778 | L92: 0.71549769 | N92: ABER CNAT DMNV NOLQ ORSL
A93: 1963924 | B93: 26029-1 | C93: MONANGE SAB CFI LIQ REF FL LAV06X400MLPR | E93: 2017 | F93: 0 | G93: CX | H93: Z08 | I93: 46182 | J93: 46182 | K93: 0.27777778 | L93: 0.71549769 | N93: ABER CNAT DMNV NOLQ ORSL
A94: 1964030 | B94: 26029-1 | C94: MONANGE SAB CFI LIQ REF FL LAV06X400MLPR | E94: 2017 | F94: 0 | G94: CX | H94: Z08 | I94: 46183 | J94: 46183 | K94: 0.27777778 | L94: 0.71549769 | N94: ABER CNAT DMNV NOLQ ORSL
A95: 1964031 | B95: 26029-1 | C95: MONANGE SAB CFI LIQ REF FL LAV06X400MLPR | E95: 2017 | F95: 0 | G95: CX | H95: Z08 | I95: 46183 | J95: 46183 | K95: 0.27777778 | L95: 0.71549769 | N95: ABER CNAT DMNV NOLQ ORSL
A96: 1963936 | B96: 26030-1 | C96: MONANGE SAB CFI LIQ REF FL LAV12X200MLPR | E96: 1969 | F96: 0 | G96: CX | H96: Z08 | I96: 46202 | J96: 46202 | K96: 0.27777778 | L96: 0.70508102 | N96: ABER CNAT DMNV NOLQ ORSL
A97: 1963937 | B97: 26030-1 | C97: MONANGE SAB CFI LIQ REF FL LAV12X200MLPR | E97: 1969 | F97: 0 | G97: CX | H97: Z08 | I97: 46203 | J97: 46203 | K97: 0.27777778 | L97: 0.70508102 | N97: ABER CNAT DMNV NOLQ ORSL
A98: 1963940 | B98: 26030-1 | C98: MONANGE SAB CFI LIQ REF FL LAV12X200MLPR | E98: 1969 | F98: 0 | G98: CX | H98: Z08 | I98: 46203 | J98: 46203 | K98: 0.27777778 | L98: 0.70508102 | N98: ABER CNAT DMNV NOLQ ORSL
A99: 1961400 | B99: 26288-0 | C99: BOZZANO SHAMPOO ANTICASPA 12X200ML | E99: 3900 | F99: 0 | G99: CX | H99: Z03 | I99: 46182 | J99: 46182 | K99: 0.27777778 | L99: 0.59027778 | N99: ABER CNAT DMNV NOLQ ORSL
A100: 1961398 | B100: 26289-0 | C100: BOZZANO SHAMPOO ANTICASPA 12X325ML | D100: 6155C1 | E100: 7200 | F100: 6930 | G100: CX | H100: Z03 | I100: 46178 | J100: 46178 | K100: 0.27777778 | L100: 0.85469907 | N100: LIB MATF IMPR CNPA CAPC CPRE FRNP LOAT*
A101: 1961402 | B101: 26289-0 | C101: BOZZANO SHAMPOO ANTICASPA 12X325ML | D101: 6159C1 | E101: 4800 | F101: 560 | G101: CX | H101: Z03 | I101: 46181 | J101: 46181 | K101: 0.27777778 | L101: 0.66239583 | N101: LIB IMPR CNPA CAPC CPRE FRNP LOAT MOME*
A102: 1961401 | B102: 26290-0 | C102: BOZZANO SHAMPOO ANTIQUEDA 12X200ML | E102: 3900 | F102: 0 | G102: CX | H102: Z03 | I102: 46182 | J102: 46182 | K102: 0.27777778 | L102: 0.59027778 | N102: ABER CNAT DMNV NOLQ ORSL
A103: 1964241 | B103: 26565-1 | C103: MONANGE DEO CORP HIDR FL LAV 24X200ML PT | E103: 7996 | F103: 0 | G103: CX | H103: Z03 | I103: 46203 | J103: 46204 | K103: 0.27777778 | L103: 0.70083333 | N103: ABER CNAT DMNV NOLQ ORSL
A104: 1961466 | B104: 26566-1 | C104: MONANGE DES CORP HIDR FL LAV 12X400ML PT | E104: 8333 | F104: 0 | G104: CX | H104: Z03 | I104: 46177 | J104: 46178 | K104: 0.27777778 | L104: 0.56013889 | N104: ABER CNAT DMNV NOLQ ORSL
A105: 1964222 | B105: 26566-1 | C105: MONANGE DES CORP HIDR FL LAV 12X400ML PT | E105: 8333 | F105: 0 | G105: CX | H105: Z03 | I105: 46178 | J105: 46179 | K105: 0.27777778 | L105: 0.56013889 | N105: ABER CNAT DMNV NOLQ ORSL
A106: 1964223 | B106: 26566-1 | C106: MONANGE DES CORP HIDR FL LAV 12X400ML PT | E106: 8333 | F106: 0 | G106: CX | H106: Z03 | I106: 46181 | J106: 46182 | K106: 0.27777778 | L106: 0.56013889 | N106: ABER CNAT DMNV NOLQ ORSL
A107: 1964224 | B107: 26566-1 | C107: MONANGE DES CORP HIDR FL LAV 12X400ML PT | E107: 8333 | F107: 0 | G107: CX | H107: Z03 | I107: 46182 | J107: 46183 | K107: 0.27777778 | L107: 0.56013889 | N107: ABER CNAT DMNV NOLQ ORSL
A108: 1964239 | B108: 26568-1 | C108: MONANGE DEO CORP HIDR FR VER 24X200ML PT | E108: 7996 | F108: 0 | G108: CX | H108: Z03 | I108: 46198 | J108: 46199 | K108: 0.27777778 | L108: 0.70083333 | N108: ABER CNAT DMNV NOLQ ORSL
A109: 1964240 | B109: 26568-1 | C109: MONANGE DEO CORP HIDR FR VER 24X200ML PT | E109: 7996 | F109: 0 | G109: CX | H109: Z03 | I109: 46199 | J109: 46200 | K109: 0.27777778 | L109: 0.70083333 | N109: ABER CNAT DMNV NOLQ ORSL
A110: 1961455 | B110: 26569-1 | C110: MONANGE DES CORP HIDR FR VER 12X400ML PT | D110: 6155C1 | E110: 8333 | F110: 8125 | G110: CX | H110: Z03 | I110: 46176 | J110: 46177 | K110: 0.3853125 | L110: 0.66767361 | N110: LIB MATF IMPR CNPA CAPC CPRE FRNP LOAT*
A111: 1962566 | B111: 26569-1 | C111: MONANGE DES CORP HIDR FR VER 12X400ML PT | D111: 6159C1 | E111: 6250 | F111: 2200 | G111: CX | H111: Z03 | I111: 46176 | J111: 46177 | K111: 0.38884259 | L111: 0.42876157 | N111: LIB IMPR CNPA CAPC CPRE FRNP LOAT MOME*
A112: 1964244 | B112: 26571-1 | C112: MONANGE DEO CORP HIDR PL SEC 24X200ML PT | E112: 7996 | F112: 0 | G112: CX | H112: Z03 | I112: 46200 | J112: 46202 | K112: 0.27777778 | L112: 0.70083333 | N112: ABER CNAT DMNV NOLQ ORSL
A113: 1964121 | B113: 27398-0 | C113: PAIXAO DEO LOCAO CACAU E PIMENT 24X200ML | E113: 7846 | F113: 0 | G113: CX | H113: Z03 | I113: 46198 | J113: 46199 | K113: 0.27777778 | L113: 0.47967593 | N113: ABER CNAT DMNV NOLQ ORSL
A114: 1965655 | B114: 27526-0 | C114: C&B PROT SOL FPS30 12X110ML OMK | E114: 3052 | F114: 0 | G114: CX | H114: Z18 | I114: 46186 | J114: 46186 | K114: 0.27777778 | L114: 0.9578125 | N114: ABER CNAT DMNV NOLQ ORSL
A115: 1965656 | B115: 27526-0 | C115: C&B PROT SOL FPS30 12X110ML OMK | E115: 3885 | F115: 0 | G115: CX | H115: Z18 | I115: 46188 | J115: 46189 | K115: 0.27777778 | L115: 0.45591435 | N115: ABER CNAT DMNV NOLQ ORSL
A116: 1965658 | B116: 27527-0 | C116: C&B PROT SOL FPS50 12X110ML OMK | E116: 2929 | F116: 0 | G116: CX | H116: Z18 | I116: 46193 | J116: 46193 | K116: 0.27777778 | L116: 0.93040509 | N116: ABER CNAT DMNV NOLQ ORSL
A117: 1965659 | B117: 27527-0 | C117: C&B PROT SOL FPS50 12X110ML OMK | E117: 3845 | F117: 0 | G117: CX | H117: Z18 | I117: 46195 | J117: 46196 | K117: 0.27777778 | L117: 0.44700231 | N117: ABER CNAT DMNV NOLQ ORSL
A118: 1965660 | B118: 27527-0 | C118: C&B PROT SOL FPS50 12X110ML OMK | E118: 834 | F118: 0 | G118: CX | H118: Z18 | I118: 46196 | J118: 46196 | K118: 0.27777778 | L118: 0.46361111 | N118: ABER CNAT DMNV NOLQ ORSL
A119: 1965654 | B119: 27530-0 | C119: C&B PROT SOL FPS30 12X110ML OMK ALA | E119: 833 | F119: 0 | G119: CX | H119: Z18 | I119: 46186 | J119: 46186 | K119: 0.27777778 | L119: 0.46337963 | N119: ABER CNAT DMNV NOLQ ORSL
A120: 1965657 | B120: 27531-0 | C120: C&B PROT SOL FPS50 12X110ML OMK ALA | E120: 917 | F120: 0 | G120: CX | H120: Z18 | I120: 46193 | J120: 46193 | K120: 0.27777778 | L120: 0.48209491 | N120: ABER CNAT DMNV NOLQ ORSL
A121: 1965662 | B121: 27534-0 | C121: C&B PROT SOL FPS30 12X200ML OMK | E121: 2136 | F121: 0 | G121: CX | H121: Z18 | I121: 46199 | J121: 46199 | K121: 0.27777778 | L121: 0.85947917 | N121: ABER CNAT DMNV NOLQ ORSL
A122: 1965663 | B122: 27534-0 | C122: C&B PROT SOL FPS30 12X200ML OMK | E122: 2136 | F122: 0 | G122: CX | H122: Z18 | I122: 46202 | J122: 46202 | K122: 0.27777778 | L122: 0.85947917 | N122: ABER CNAT DMNV NOLQ ORSL
A123: 1965664 | B123: 27534-0 | C123: C&B PROT SOL FPS30 12X200ML OMK | E123: 2136 | F123: 0 | G123: CX | H123: Z18 | I123: 46202 | J123: 46202 | K123: 0.27777778 | L123: 0.85947917 | N123: ABER CNAT DMNV NOLQ ORSL
... A148: 1963289 | B148: 30078-0 | C148: MONANGE SAB CFI LIQ REF FRVM 6X400ML AZ | E148: 2017 | F148: 0 | G148: CX | H148: Z08 | I148: 46186 | J148: 46186 | K148: 0.27777778 | L148: 0.32046296 | N148: ABER CNAT DMNV NOLQ ORSL
A149: 1964350 | B149: 424825 | C149: SA L COL ORIGINAL | D149: T26E1407 | E149: 9500 | F149: 0 | G149: KG | H149: Z03 | I149: 46199 | J149: 46199 | K149: 0.27777778 | L149: 0.36111111 | N149: ABER MATF CNAT DMNV LBRJ LOAT NOLQ ORSL
A150: 1964351 | B150: 441418 | C150: SA AVANCO DES SPRAY ACTION 50% | D150: T26E1408 | E150: 4500 | F150: 0 | G150: KG | H150: Z03 | I150: 46198 | J150: 46198 | K150: 0.27777778 | L150: 0.31944444 | N150: ABER MATF CNAT DMNV LBRJ LOAT NOLQ ORSL
A151: 1962977 | B151: 441420 | C151: SA AVANCO DES SPRAY ORIGINAL 50% | D151: T26E0559 | E151: 4500 | F151: 0 | G151: KG | H151: Z03 | I151: 46196 | J151: 46196 | K151: 0.27777778 | L151: 0.31944444 | N151: LIB CAPC CPRE DMNV LOAT NOLQ ORSL
...

Sheet MASTERDATA
A1: CODE | B1: DESCRIPTION | C1: UN | D1: PLANNER | E1: CATEGORY | F1: SALES SUB - CATEGORY | G1: SUB-CATEGORY | H1: LINE PRODUCTION | I1: LINHA RCCP | J1: SAFETY DAYS TOTAL | K1: CONV | L1: PLANO AGOSTO | M1: PRODUZIDO
A2: 10992-2 | B2: AVANCO DES SPRAY ACTION 12X85ML NVE | C2: CX | D2: Z03 | E2: DES SPRAY | F2: DESODORANTE | G2: AVANÇO | H2: L07 - ENV DESODORANTE SPRAY | I2: DESODORANTE_SPRAY | J2: 44 | K2: 12 | L2: 21132
A3: 771-5 | B3: AVANCO DES SPRAY ORIGINAL 12X85ML NVE | C3: CX | D3: Z03 | E3: DES SPRAY | F3: DESODORANTE | G3: AVANÇO | H3: L07 - ENV DESODORANTE SPRAY | I3: DESODORANTE_SPRAY | J3: 44 | K3: 12 | L3: 0
A4: 20279-0 | B4: BITUFO GD COCORICO C/F TUTI FRUTTI 90G | C4: CX | D4: Z08 | E4: CREME/GEL DENTAL | F4: ORAL CARE | G4: TRADICIONAL | H4: L35 - ENV CREME/GEL DENTAL BISN | I4: CD_GD_90G | J4: 15 | K4: 1 | L4: 0
A5: 20277-0 | B5: BITUFO GD COCORICO S/F MORANGO 90G | C5: CX | D5: Z08 | E5: CREME/GEL DENTAL | F5: ORAL CARE | G5: TRADICIONAL | H5: L35 - ENV CREME/GEL DENTAL BISN | I5: CD_GD_90G | J5: 22 | K5: 1 | L5: 0
A6: 20278-0 | B6: BITUFO GD COCORICO S/F TUTI FRUTTI 90G | C6: CX | D6: Z08 | E6: CREME/GEL DENTAL | F6: ORAL CARE | G6: TRADICIONAL | H6: L35 - ENV CREME/GEL DENTAL BISN | I6: CD_GD_90G | J6: 22 | K6: 1 | L6: 0
A7: 16768-5 | B7: BITUFO GD C FLUOR T FRUTI L TUNES 90G DL | C7: CX | D7: Z08 | E7: CREME/GEL DENTAL | F7: ORAL CARE | G7: TRADICIONAL | H7: L35 - ENV CREME/GEL DENTAL BISN | I7: CD_GD_90G | J7: 66 | K7: 1 | L7: 0
A8: 17297-2 | B8: BOZZANO BALSAMO POS HIDRAT 12X100G CIN | C8: CX | D8: Z08 | E8: BARBA BOZZANO | F8: PRÉ/PÓS BARBA | G8: BALSAMO POS BARBA BOZZANO | H8: L23 - ENV MANUAL ROT | I8: BARBA BOZZANO 100G | J8: 15 | K8: 12 | L8: 0
A9: 17298-2 | B9: BOZZANO BALSAMO POS PEL SENS 12X100G CIN | C9: CX | D9: Z08 | E9: BARBA BOZZANO | F9: PRÉ/PÓS BARBA | G9: BALSAMO POS BARBA BOZZANO | H9: L23 - ENV MANUAL ROT | I9: BARBA BOZZANO 100G | J9: 22 | K9: 12 | L9: 0
A10: 17299-2 | B10: BOZZANO GEL POS BARBA REFRES 12X100G CIN | C10: CX | D10: Z08 | E10: BARBA BOZZANO | F10: PRÉ/PÓS BARBA | G10: GEL POS BARBA BOZZANO | H10: L23 - ENV MANUAL ROT | I10: BARBA BOZZANO 100G | J10: 15 | K10: 12 | L10: 0
A11: 23473-1 | B11: BOZZANO GEL COND FAT2 BM 6X300G | C11: CX | D11: Z03 | E11: GEL MODELADOR BOZZANO | F11: MODELADOR DE CABELO | G11: BOZZANO 300G | H11: L08 - ENV GEL BOCA LARGA | I11: GEL_B.LARGA | J11: 44 | K11: 6 | L11: 0
A12: 23474-1 | B12: BOZZANO GEL COND FAT3 PROT SOLAR 6X300G | C12: CX | D12: Z03 | E12: GEL MODELADOR BOZZANO | F12: MODELADOR DE CABELO | G12: BOZZANO 300G | H12: L08 - ENV GEL BOCA LARGA | I12: GEL_B.LARGA | J12: 44 | K12: 6 | L12: 0
A13: 23475-1 | B13: BOZZANO GEL COND FAT4 6X300G | C13: CX | D13: Z03 | E13: GEL MODELADOR BOZZANO | F13: MODELADOR DE CABELO | G13: BOZZANO 300G | H13: L08 - ENV GEL BOCA LARGA | I13: GEL_B.LARGA | J13: 44 | K13: 6 | L13: 109440
... A170: 2475-6 | B170: LEITE COLONIA TOQUE C 24X200ML | C170: CX | D170: Z03 | E170: LEITE DE COLONIA | F170: CORPO | G170: LEITE DE COLONIA | H170: L06 - ENV LEITE COLONIA | I170: LEITE_COLONIA_200 | J170: 44 | K170: 24 | L170: 0
